{
  "entries": [
    {
      "key": "MTAwMTAwMTEwMDExMTEwMTExMTExMTAwMTEwMDExMDExMDExMTExMTExMTExMQ==",
      "pttl": null,
      "type": "string",
      "value": {
        "data": "ABoyMDI1LTEwLTI1VDE1OjQ5OjI1Ljc0NTI5NQkA6qkVjCTj158=",
        "encoding": "dump"
      }
    },
    {
      "key": "MTAwMTAwMTExMDExMTEwMTExMDEwMTAwMTExMTExMTExMDExMTExMTExMTExMQ==",
      "pttl": null,
      "type": "string",
      "value": {
        "data": "ABoyMDI1LTEwLTI1VDE1OjQ5OjM4LjQ2MDUwMAkAqyX7zSCZQAo=",
        "encoding": "dump"
      }
    },
    {
      "key": "MTAwMTAwMTExMDExMTEwMTExMDExMTAwMTEwMDEwMDExMDEwMDExMTEwMTExMQ==",
      "pttl": null,
      "type": "string",
      "value": {
        "data": "ABoyMDI1LTEwLTI1VDE1OjQ5OjQyLjg0NDU3OAkA0TfeGPfBg/Q=",
        "encoding": "dump"
      }
    },
    {
      "key": "MTAwMTAwMTExMTExMTExMTExMTEwMTExMTAxMTExMDExMDExMTExMTExMTExMQ==",
      "pttl": null,
      "type": "string",
      "value": {
        "data": "ABoyMDI1LTEwLTI1VDE1OjUwOjA2LjU2OTg4MwkA6u+Y8/6XC1E=",
        "encoding": "dump"
      }
    },
    {
      "key": "MTAwMTAxMDEwMDEwMTExMTExMTExMTExMTAxMTExMTEwMDExMTExMTAwMTExMA==",
      "pttl": null,
      "type": "string",
      "value": {
        "data": "ABoyMDI1LTEwLTI1VDE1OjUwOjIxLjk3NTE0MAkAdIYhLdmrLlg=",
        "encoding": "dump"
      }
    },
    {
      "key": "MTAwMTAxMDEwMDExMTExMTAxMTExMTExMTAwMDExMTEwMDExMTExMTAwMDExMA==",
      "pttl": null,
      "type": "string",
      "value": {
        "data": "ABoyMDI1LTEwLTI1VDE1OjQ5OjUwLjg0NTMyMAkAfa1JgRdoymU=",
        "encoding": "dump"
      }
    },
    {
      "key": "MTAwMTAxMDExMTExMTAxMTExMDExMTExMTExMTExMDExMDExMTEwMTExMTExMA==",
      "pttl": null,
      "type": "string",
      "value": {
        "data": "ABoyMDI1LTEwLTI1VDE1OjQ2OjIwLjQzMTIzNgkAHPxxtoj6diw=",
        "encoding": "dump"
      }
    },
    {
      "key": "MTAwMTAxMDExMTExMTAxMTExMTExMTExMTEwMDExMDExMDEwMDExMTExMTExMA==",
      "pttl": null,
      "type": "string",
      "value": {
        "data": "ABoyMDI1LTEwLTI1VDE1OjQ5OjQyLjI1MjQ0MwkA+aCTBfdLUd4=",
        "encoding": "dump"
      }
    },
    {
      "key": "MTAwMTAxMDExMTExMTEwMTExMDExMTAwMTEwMDExMTExMDExMTEwMTExMTExMA==",
      "pttl": null,
      "type": "string",
      "value": {
        "data": "ABoyMDI1LTEwLTI1VDE1OjQ5OjMxLjQxOTc5MwkAnzD1gdwjJW0=",
        "encoding": "dump"
      }
    },
    {
      "key": "MTAwMTAxMDExMTExMTExMTExMTExMTExMTEwMDExMDExMDEwMDExMTExMTExMA==",
      "pttl": null,
      "type": "string",
      "value": {
        "data": "ABoyMDI1LTEwLTI1VDE1OjQ5OjMyLjAwNjEwOQkAoQ3DkT0G/E8=",
        "encoding": "dump"
      }
    },
    {
      "key": "MTAwMTAxMTEwMDExMTEwMTExMTEwMTAwMTEwMDExMTExMDExMTEwMTExMTExMA==",
      "pttl": null,
      "type": "string",
      "value": {
        "data": "ABoyMDI1LTEwLTI1VDE1OjQ5OjUxLjkwODgzNQkAGpoH6eCg9oY=",
        "encoding": "dump"
      }
    },
    {
      "key": "MTAwMTAxMTEwMDExMTExMTAxMTExMTExMTEwMDExMTEwMDEwMDExMTExMTExMA==",
      "pttl": null,
      "type": "string",
      "value": {
        "data": "ABoyMDI1LTEwLTI1VDE1OjQ5OjE2Ljk3NjAzNgkAQ9h0ghxc81E=",
        "encoding": "dump"
      }
    },
    {
      "key": "MTAwMTAxMTExMTEwMTAxMTExMTEwMTExMTEwMDExMDExMDEwMDExMTEwMTExMQ==",
      "pttl": null,
      "type": "string",
      "value": {
        "data": "ABoyMDI1LTEwLTI1VDE1OjQ5OjUyLjI1NDU4MgkAQ9rHIx43io4=",
        "encoding": "dump"
      }
    },
    {
      "key": "MTAwMTAxMTExMTEwMTAxMTExMTExMTExMTAxMTExMDEwMDExMTExMTEwMTAwMA==",
      "pttl": null,
      "type": "string",
      "value": {
        "data": "ABoyMDI1LTEwLTI1VDE1OjUwOjMzLjI3ODgxNQkA2MHI6u3YxHQ=",
        "encoding": "dump"
      }
    },
    {
      "key": "MTAwMTAxMTExMTEwMTExMTExMTExMTExMTAwMDExMTExMDEwMDExMTAwMTExMQ==",
      "pttl": null,
      "type": "string",
      "value": {
        "data": "ABoyMDI1LTEwLTI1VDE1OjQ5OjM5Ljc4OTUyNgkAEYcWSm0kTJI=",
        "encoding": "dump"
      }
    },
    {
      "key": "MTAwMTAxMTExMTExMTAwMTExMDExMTAwMTEwMDExMTExMDEwMDEwMTExMTExMQ==",
      "pttl": null,
      "type": "string",
      "value": {
        "data": "ABoyMDI1LTEwLTI1VDE1OjQ5OjEyLjk0MzQ5OQkAhHr3gpIy5Mg=",
        "encoding": "dump"
      }
    },
    {
      "key": "MTAwMTAxMTExMTExMTAwMTExMDExMTAwMTExMTExMDExMDEwMDEwMTExMTExMQ==",
      "pttl": null,
      "type": "string",
      "value": {
        "data": "ABoyMDI1LTEwLTI1VDE1OjQ3OjQxLjgxMTY1NgkAJ8FbXL59cZ8=",
        "encoding": "dump"
      }
    },
    {
      "key": "MTAwMTAxMTExMTExMTEwMTExMDEwMTAwMTEwMDExMDExMDEwMDEwMTExMTExMQ==",
      "pttl": null,
      "type": "string",
      "value": {
        "data": "ABoyMDI1LTEwLTI1VDE1OjQ3OjQ3LjA1MjU5NwkAg/naBVsWMEI=",
        "encoding": "dump"
      }
    },
    {
      "key": "MTAwMTAxMTExMTExMTEwMTExMTExMTAwMTAxMTEwMDExMDEwMDEwMTEwMTEwMA==",
      "pttl": null,
      "type": "string",
      "value": {
        "data": "ABoyMDI1LTEwLTI1VDE1OjUwOjI3LjY3ODA0NAkApUqWvu9YusM=",
        "encoding": "dump"
      }
    },
    {
      "key": "MTAwMTAxMTExMTExMTExMTAxMTEwMTExMTExMTExMDExMDExMTEwMTExMTExMA==",
      "pttl": null,
      "type": "string",
      "value": {
        "data": "ABoyMDI1LTEwLTI1VDE1OjQ2OjA0Ljg5NzM5MgkAKukPKnkR5F8=",
        "encoding": "dump"
      }
    },
    {
      "key": "MTAwMTAxMTExMTExMTExMTExMTExMTExMTEwMDExMDEwMDExMTExMTAwMTExMQ==",
      "pttl": null,
      "type": "string",
      "value": {
        "data": "ABoyMDI1LTEwLTI1VDE1OjUwOjEwLjIwMzg5NQkAJM5l02NNEOI=",
        "encoding": "dump"
      }
    },
    {
      "key": "MTAwMTAxMTExMTExMTExMTExMTExMTExMTEwMDExMDExMDEwMDEwMTExMTExMA==",
      "pttl": null,
      "type": "string",
      "value": {
        "data": "ABoyMDI1LTEwLTI1VDE1OjQ4OjM4LjE1MDE5MgkA0YDeiV9l87I=",
        "encoding": "dump"
      }
    },
    {
      "key": "MTAwMTAxMTExMTExMTExMTExMTExMTExMTExMTExMTEwMDExMTExMTExMTExMQ==",
      "pttl": null,
      "type": "string",
      "value": {
        "data": "ABoyMDI1LTEwLTI1VDE1OjQ5OjE1Ljg0MTA1NQkAVA+diO5yQYk=",
        "encoding": "dump"
      }
    },
    {
      "key": "MTAwMTEwMTEwMDExMTExMTExMTExMTExMTAwMDExMDEwMDEwMDEwMTExMTExMQ==",
      "pttl": null,
      "type": "string",
      "value": {
        "data": "ABoyMDI1LTEwLTI1VDE1OjUwOjAxLjg0MzIyNgkAHcjiMURCmfw=",
        "encoding": "dump"
      }
    },
    {
      "key": "MTAwMTEwMTExMDEwMTEwMTExMTExMTAwMTExMDExMTExMTExMTExMTEwMTExMQ==",
      "pttl": null,
      "type": "string",
      "value": {
        "data": "ABoyMDI1LTEwLTI1VDE1OjUwOjMyLjYzOTU2NwkAtoUum4HmEgM=",
        "encoding": "dump"
      }
    },
    {
      "key": "MTAwMTEwMTExMDExMTExMTExMTExMTExMTEwMDExMDExMTEwMDExMTAxMTExMQ==",
      "pttl": null,
      "type": "string",
      "value": {
        "data": "ABoyMDI1LTEwLTI1VDE1OjUwOjI3LjY2MzgxOAkAhjlYA9SjndU=",
        "encoding": "dump"
      }
    },
    {
      "key": "MTAwMTEwMTExMTEwMTAxMTExMTExMTExMTEwMDExMDEwMDExMTExMTEwMTExMQ==",
      "pttl": null,
      "type": "string",
      "value": {
        "data": "ABoyMDI1LTEwLTI1VDE1OjUwOjEwLjY1NzE5NAkAs3rXtGTbxnA=",
        "encoding": "dump"
      }
    },
    {
      "key": "MTAwMTEwMTExMTEwMTExMTExMTExMTExMTExMTExMTExMTExMTExMTExMTExMQ==",
      "pttl": null,
      "type": "string",
      "value": {
        "data": "ABoyMDI1LTEwLTI1VDE1OjQ5OjU3LjcwOTUxNgkAu1+DdCqJvOU=",
        "encoding": "dump"
      }
    },
    {
      "key": "MTAwMTEwMTExMTExMTExMTExMTExMTExMTExMTExMTExMTExMTExMTExMDExMQ==",
      "pttl": null,
      "type": "string",
      "value": {
        "data": "ABoyMDI1LTEwLTI1VDE1OjQ5OjI4LjgyNTM3NQkAnNKZOyRS9a0=",
        "encoding": "dump"
      }
    },
    {
      "key": "MTAwMTEwMTExMTExMTExMTExMTExMTExMTExMTExMTExMTExMTExMTExMTExMQ==",
      "pttl": null,
      "type": "string",
      "value": {
        "data": "ABoyMDI1LTEwLTI1VDE1OjQ5OjI1LjAxNzE4NwkAl+SiX9wsIwg=",
        "encoding": "dump"
      }
    },
    {
      "key": "MTAwMTExMDEwMDExMTEwMTAxMTExMTAwMTEwMDExMTExMTExMTEwMTAwMTExMA==",
      "pttl": null,
      "type": "string",
      "value": {
        "data": "ABoyMDI1LTEwLTI1VDE1OjQ4OjM1LjEwNDE3MAkAwmDTjLhRLmE=",
        "encoding": "dump"
      }
    },
    {
      "key": "MTAwMTExMDEwMDExMTEwMTExMDExMTAwMTAwMDExMTExMTEwMDEwMTExMTExMA==",
      "pttl": null,
      "type": "string",
      "value": {
        "data": "ABoyMDI1LTEwLTI1VDE1OjUwOjIwLjU5NTE0NwkAZdQpycDrs2o=",
        "encoding": "dump"
      }
    },
    {
      "key": "MTAwMTExMDEwMDExMTEwMTExMTExMTAwMTAwMDExMDExMTExMTEwMTExMTEwMA==",
      "pttl": null,
      "type": "string",
      "value": {
        "data": "ABoyMDI1LTEwLTI1VDE1OjUwOjI0LjI0Mjk1MAkAKHZk9dFJ/ug=",
        "encoding": "dump"
      }
    },
    {
      "key": "MTAwMTExMDEwMDExMTExMTExMTExMTExMTEwMDExMDExMTEwMDEwMTEwMTExMA==",
      "pttl": null,
      "type": "string",
      "value": {
        "data": "ABoyMDI1LTEwLTI1VDE1OjUwOjM2LjM5ODQ4NAkAG8asnJO+ZOI=",
        "encoding": "dump"
      }
    },
    {
      "key": "MTAwMTExMDExMDExMTExMTExMTEwMTExMTExMTExMTEwMDExMTExMTEwMDExMA==",
      "pttl": null,
      "type": "string",
      "value": {
        "data": "ABoyMDI1LTEwLTI1VDE1OjQ5OjQ0LjE5MDkyMgkAhwl962nrKu4=",
        "encoding": "dump"
      }
    },
    {
      "key": "MTAwMTExMDExMTExMTExMTAxMTEwMTExMTExMTExMTExMTExMTExMTEwMDExMA==",
      "pttl": null,
      "type": "string",
      "value": {
        "data": "ABoyMDI1LTEwLTI1VDE1OjUwOjE2LjAyNjEyMgkAcJmtKFPXbYM=",
        "encoding": "dump"
      }
    },
    {
      "key": "MTAwMTExMDExMTExMTExMTAxMTExMTExMTExMTEwMDExMTExMTExMTExMTExMA==",
      "pttl": null,
      "type": "string",
      "value": {
        "data": "ABoyMDI1LTEwLTI1VDE1OjQ5OjQ5Ljg0NTcwNQkAlGCWFRlw664=",
        "encoding": "dump"
      }
    },
    {
      "key": "MTAwMTExMDExMTExMTExMTExMDEwMTExMTExMTExMTEwMDEwMDExMTExMTExMA==",
      "pttl": null,
      "type": "string",
      "value": {
        "data": "ABoyMDI1LTEwLTI1VDE1OjQ5OjA3LjM0ODg3NQkAX54qIybMzeE=",
        "encoding": "dump"
      }
    },
    {
      "key": "MTAwMTExMDExMTExMTExMTExMDEwMTExMTExMTExMTEwMDExMTExMTEwMTExMA==",
      "pttl": null,
      "type": "string",
      "value": {
        "data": "ABoyMDI1LTEwLTI1VDE1OjUwOjIyLjc1NjkyMAkA2YsLg6wFWeY=",
        "encoding": "dump"
      }
    },
    {
      "key": "MTAwMTExMDExMTExMTExMTExMTExMTExMTExMTEwMDExMTExMTExMTAxMTExMA==",
      "pttl": null,
      "type": "string",
      "value": {
        "data": "ABoyMDI1LTEwLTI1VDE1OjQ5OjI5LjA3NTU3OQkAqkLihGWDLkk=",
        "encoding": "dump"
      }
    },
    {
      "key": "MTAwMTExMTEwMDExMTAxMTAxMDExMTExMTExMTExMTEwMDEwMDExMTExMTExMA==",
      "pttl": null,
      "type": "string",
      "value": {
        "data": "ABoyMDI1LTEwLTI1VDE1OjQ3OjM0LjQzMzU5MgkAdn3IB9+lLEE=",
        "encoding": "dump"
      }
    },
    {
      "key": "MTAwMTExMTEwMDExMTAxMTAxMTExMTExMTExMTExMTExMTEwMDExMTEwMTExMA==",
      "pttl": null,
      "type": "string",
      "value": {
        "data": "ABoyMDI1LTEwLTI1VDE1OjQ5OjQ1LjQzMTY2NQkAYdNrVUyQLSA=",
        "encoding": "dump"
      }
    },
    {
      "key": "MTAwMTExMTEwMDExMTEwMTAxMDExMTAwMTAwMDExMTEwMDEwMDExMTExMTExMA==",
      "pttl": null,
      "type": "string",
      "value": {
        "data": "ABoyMDI1LTEwLTI1VDE1OjQ5OjIxLjM5MjcyNQkAgZhqAB/v7VU=",
        "encoding": "dump"
      }
    },
    {
      "key": "MTAwMTExMTEwMDExMTEwMTExMTEwMTAwMTExMTExMTExMTEwMDEwMTExMTExMQ==",
      "pttl": null,
      "type": "string",
      "value": {
        "data": "ABoyMDI1LTEwLTI1VDE1OjQ5OjAwLjUwNDQzNwkA25PgImaXjy0=",
        "encoding": "dump"
      }
    },
    {
      "key": "MTAwMTExMTEwMDExMTExMTAxMTExMTEwMTAwMDExMDEwMDEwMDEwMTExMTExMQ==",
      "pttl": null,
      "type": "string",
      "value": {
        "data": "ABoyMDI1LTEwLTI1VDE1OjUwOjI3LjMxMjQ1NAkAuiylz1Eiiwc=",
        "encoding": "dump"
      }
    },
    {
      "key": "MTAwMTExMTEwMDExMTExMTAxMTExMTExMTEwMDExMTEwMDEwMDExMTEwMTExMA==",
      "pttl": null,
      "type": "string",
      "value": {
        "data": "ABoyMDI1LTEwLTI1VDE1OjQ4OjM1LjczMDExNQkA86E2Zfv3GKs=",
        "encoding": "dump"
      }
    },
    {
      "key": "MTAwMTExMTEwMDExMTExMTExMTExMTExMTEwMDExMDExMTExMTExMTExMTExMA==",
      "pttl": null,
      "type": "string",
      "value": {
        "data": "ABoyMDI1LTEwLTI1VDE1OjQ5OjQ0LjkwODAxMwkA+Fdc5R5a5j8=",
        "encoding": "dump"
      }
    },
    {
      "key": "MTAwMTExMTExMDEwMTAxMTExMTEwMTExMTExMDExMTExMTExMTExMTExMDExMA==",
      "pttl": null,
      "type": "string",
      "value": {
        "data": "ABoyMDI1LTEwLTI1VDE1OjUwOjMwLjg1Mzk1NwkAIa4Q6CuEPKE=",
        "encoding": "dump"
      }
    },
    {
      "key": "MTAwMTExMTExMDEwMTAxMTExMTExMTExMTExMTExMTEwMDExMTExMTExMDExMA==",
      "pttl": null,
      "type": "string",
      "value": {
        "data": "ABoyMDI1LTEwLTI1VDE1OjUwOjE3Ljg0NjQxNwkATG2B5Y17NaU=",
        "encoding": "dump"
      }
    },
    {
      "key": "MTAwMTExMTExMDEwMTEwMTExMTExMTAwMTExMDExMTExMTExMTExMTEwMTExMA==",
      "pttl": null,
      "type": "string",
      "value": {
        "data": "ABoyMDI1LTEwLTI1VDE1OjUwOjI1LjMyNTkxNwkAv35b14dxTBg=",
        "encoding": "dump"
      }
    },
    {
      "key": "MTAwMTExMTExMDEwMTExMTExMTEwMTExMTExMTExMDEwMDExMTExMTAxMTExMQ==",
      "pttl": null,
      "type": "string",
      "value": {
        "data": "ABoyMDI1LTEwLTI1VDE1OjUwOjA4LjQ0Njg3NwkARZ0izKCbnUY=",
        "encoding": "dump"
      }
    },
    {
      "key": "MTAwMTExMTExMDEwMTExMTExMTExMTExMTEwMDExMTEwMDEwMDExMTEwMDExMQ==",
      "pttl": null,
      "type": "string",
      "value": {
        "data": "ABoyMDI1LTEwLTI1VDE1OjUwOjEzLjg3MTM1NQkAReVsEb/+Ijs=",
        "encoding": "dump"
      }
    },
    {
      "key": "MTAwMTExMTExMDExMTAwMTExMTEwMTAwMTExMTExMDExMTEwMDExMTExMTExMQ==",
      "pttl": null,
      "type": "string",
      "value": {
        "data": "ABoyMDI1LTEwLTI1VDE1OjUwOjAxLjIyNzQyMgkAdWPwji/Zm+M=",
        "encoding": "dump"
      }
    },
    {
      "key": "MTAwMTExMTExMDExMTAxMTExMTEwMTExMTExMTEwMDExMTExMTExMTExMTExMA==",
      "pttl": null,
      "type": "string",
      "value": {
        "data": "ABoyMDI1LTEwLTI1VDE1OjQ5OjQ3LjIyNTA4MwkANpIKp88dPxg=",
        "encoding": "dump"
      }
    },
    {
      "key": "MTAwMTExMTExMDExMTEwMTExMTExMTAwMTExMTEwMDExMTExMTExMTExMTExMQ==",
      "pttl": null,
      "type": "string",
      "value": {
        "data": "ABoyMDI1LTEwLTI1VDE1OjQ5OjMzLjcyMTIwNQkAqZqSD7QDtPM=",
        "encoding": "dump"
      }
    },
    {
      "key": "MTAwMTExMTExMDExMTExMTAxMTExMTExMTExMTExMDExMTExMTExMTAxMTExMQ==",
      "pttl": null,
      "type": "string",
      "value": {
        "data": "ABoyMDI1LTEwLTI1VDE1OjQ3OjU0LjgxMTIwOAkAaKILDkgSXNo=",
        "encoding": "dump"
      }
    },
    {
      "key": "MTAwMTExMTExMDExMTExMTExMTEwMTExMTExMTExMTExMTExMTExMTEwMTExMA==",
      "pttl": null,
      "type": "string",
      "value": {
        "data": "ABoyMDI1LTEwLTI1VDE1OjQ5OjI1LjAyMTAzNQkAW8XrM0nKSDI=",
        "encoding": "dump"
      }
    },
    {
      "key": "MTAwMTExMTExMDExMTExMTExMTExMTEwMTAxMTEwMDExMTExMTExMTExMTExMQ==",
      "pttl": null,
      "type": "string",
      "value": {
        "data": "ABoyMDI1LTEwLTI1VDE1OjQ4OjI2LjgwODMzMAkAOmq1Gqrw23g=",
        "encoding": "dump"
      }
    },
    {
      "key": "MTAwMTExMTExMDExMTExMTExMTExMTExMTAxMTExMTExMTExMTExMTAwMTExMQ==",
      "pttl": null,
      "type": "string",
      "value": {
        "data": "ABoyMDI1LTEwLTI1VDE1OjQ3OjExLjE4OTAwOQkAOVzUflwFYJM=",
        "encoding": "dump"
      }
    },
    {
      "key": "MTAwMTExMTExMDExMTExMTExMTExMTExMTExMTExMTEwMDExMTExMTEwMTExMA==",
      "pttl": null,
      "type": "string",
      "value": {
        "data": "ABoyMDI1LTEwLTI1VDE1OjQ3OjIxLjExMTYyMQkAP8q65TQMKco=",
        "encoding": "dump"
      }
    },
    {
      "key": "MTAwMTExMTExMDExMTExMTExMTExMTExMTExMTExMTExMTExMTExMTExMDExMA==",
      "pttl": null,
      "type": "string",
      "value": {
        "data": "ABoyMDI1LTEwLTI1VDE1OjQ4OjIyLjI4NDcxNwkAnZL+N8EHlSA=",
        "encoding": "dump"
      }
    },
    {
      "key": "MTAwMTExMTExMDExMTExMTExMTExMTExMTExMTExMTExMTExMTExMTExMTExMQ==",
      "pttl": null,
      "type": "string",
      "value": {
        "data": "ABoyMDI1LTEwLTI1VDE1OjQ1OjQzLjA3MzUyNwkA2bnQj2Ys6f4=",
        "encoding": "dump"
      }
    },
    {
      "key": "MTAwMTExMTExMTEwMTAwMTExMTEwMTAwMTExMDExMTExMTExMTExMTExMDExMA==",
      "pttl": null,
      "type": "string",
      "value": {
        "data": "ABoyMDI1LTEwLTI1VDE1OjUwOjE2LjUwMzYxMQkA64eMMOqoX4w=",
        "encoding": "dump"
      }
    },
    {
      "key": "MTAwMTExMTExMTEwMTAwMTExMTExMTAwMTExMTExMTExMTEwMDExMTExMTExMQ==",
      "pttl": null,
      "type": "string",
      "value": {
        "data": "ABoyMDI1LTEwLTI1VDE1OjQ5OjA5LjE2MTAyMwkAZfQRnB9Hdxk=",
        "encoding": "dump"
      }
    },
    {
      "key": "MTAwMTExMTExMTEwMTAxMTExMTEwMTExMTExMTExMTExMTExMTExMTExMTExMQ==",
      "pttl": null,
      "type": "string",
      "value": {
        "data": "ABoyMDI1LTEwLTI1VDE1OjQ5OjAzLjMwNjMyMAkADxrRG7ONZhc=",
        "encoding": "dump"
      }
    },
    {
      "key": "MTAwMTExMTExMTEwMTExMTAxMDExMTExMTExMTExMTExMTExMTExMTExMTExMQ==",
      "pttl": null,
      "type": "string",
      "value": {
        "data": "ABoyMDI1LTEwLTI1VDE1OjUwOjA3LjY1NDc3MAkAryedQ1AVBeM=",
        "encoding": "dump"
      }
    },
    {
      "key": "MTAwMTExMTExMTExMTAwMTAxMTExMTAwMTAwMDExMDEwMDExMTExMTExMTExMA==",
      "pttl": null,
      "type": "string",
      "value": {
        "data": "ABoyMDI1LTEwLTI1VDE1OjUwOjMyLjYwNDk2NAkA4mmzegwRjhg=",
        "encoding": "dump"
      }
    },
    {
      "key": "MTAwMTExMTExMTExMTAwMTExMTEwMTAwMTExMTExMTExMTExMTExMTExMDExMQ==",
      "pttl": null,
      "type": "string",
      "value": {
        "data": "ABoyMDI1LTEwLTI1VDE1OjQ4OjI1LjIxMTA0OQkAA+srSzixunU=",
        "encoding": "dump"
      }
    },
    {
      "key": "MTAwMTExMTExMTExMTAwMTExMTExMTAwMTEwMDExMTExMTExMTExMTEwMTExMQ==",
      "pttl": null,
      "type": "string",
      "value": {
        "data": "ABoyMDI1LTEwLTI1VDE1OjQ3OjE2LjUyMjA0MgkAmTQGmhSwFAw=",
        "encoding": "dump"
      }
    },
    {
      "key": "MTAwMTExMTExMTExMTAwMTExMTExMTAwMTExMTExMDExMTExMTExMTAxMTExMQ==",
      "pttl": null,
      "type": "string",
      "value": {
        "data": "ABoyMDI1LTEwLTI1VDE1OjQ4OjE4Ljc2MTAxMgkARWikQRkaY9s=",
        "encoding": "dump"
      }
    },
    {
      "key": "MTAwMTExMTExMTExMTAwMTExMTExMTAwMTExMTExMTEwMDExMTExMTExMTExMA==",
      "pttl": null,
      "type": "string",
      "value": {
        "data": "ABoyMDI1LTEwLTI1VDE1OjQ4OjIwLjc3NDQwNAkAL9FIfjhktQY=",
        "encoding": "dump"
      }
    },
    {
      "key": "MTAwMTExMTExMTExMTAxMTAxMTExMTExMTEwMDExMTEwMDEwMDEwMTAwMTExMA==",
      "pttl": null,
      "type": "string",
      "value": {
        "data": "ABoyMDI1LTEwLTI1VDE1OjQ4OjE2LjQ0OTU3MAkAtmbTyLNL6Ik=",
        "encoding": "dump"
      }
    },
    {
      "key": "MTAwMTExMTExMTExMTAxMTExMTExMTExMTEwMDExMDEwMDExMTExMTExMTExMQ==",
      "pttl": null,
      "type": "string",
      "value": {
        "data": "ABoyMDI1LTEwLTI1VDE1OjQ3OjE4Ljg2NzA1OAkA3uCdwBgP7Nc=",
        "encoding": "dump"
      }
    },
    {
      "key": "MTAwMTExMTExMTExMTEwMTExMTExMTAwMTEwMDExMTEwMDExMTExMTEwMTExMQ==",
      "pttl": null,
      "type": "string",
      "value": {
        "data": "ABoyMDI1LTEwLTI1VDE1OjUwOjEyLjk1MzY5NQkA3ttF//Ty28s=",
        "encoding": "dump"
      }
    },
    {
      "key": "MTAwMTExMTExMTExMTEwMTExMTExMTAwMTExMTExMTEwMDExMTExMTExMTExMA==",
      "pttl": null,
      "type": "string",
      "value": {
        "data": "ABoyMDI1LTEwLTI1VDE1OjQ4OjEwLjkwNjg5MQkAonF+V5HKx7w=",
        "encoding": "dump"
      }
    },
    {
      "key": "MTAwMTExMTExMTExMTEwMTExMTExMTAwMTExMTExMTExMTExMTExMTExMTExMA==",
      "pttl": null,
      "type": "string",
      "value": {
        "data": "ABoyMDI1LTEwLTI1VDE1OjQ1OjU3LjY5NDYwNgkAKt2Xh96i/c4=",
        "encoding": "dump"
      }
    },
    {
      "key": "MTAwMTExMTExMTExMTExMTAxMDEwMTExMTEwMDExMDExMTExMTExMTExMTExMQ==",
      "pttl": null,
      "type": "string",
      "value": {
        "data": "ABoyMDI1LTEwLTI1VDE1OjUwOjEyLjEzNzM5NgkA8BKNpFO8I2E=",
        "encoding": "dump"
      }
    },
    {
      "key": "MTAwMTExMTExMTExMTExMTAxMTExMTExMTEwMDExMDEwMDExMTExMTExMTExMA==",
      "pttl": null,
      "type": "string",
      "value": {
        "data": "ABoyMDI1LTEwLTI1VDE1OjUwOjE0LjU0NTUyNgkAOiTrCu1ViT0=",
        "encoding": "dump"
      }
    },
    {
      "key": "MTAwMTExMTExMTExMTExMTAxMTExMTExMTExMTExMTExMTExMTExMTAxMTExMA==",
      "pttl": null,
      "type": "string",
      "value": {
        "data": "ABoyMDI1LTEwLTI1VDE1OjQ0OjIzLjMyOTkzNwkASoLstkzfpt8=",
        "encoding": "dump"
      }
    },
    {
      "key": "MTAwMTExMTExMTExMTExMTExMDEwMTExMTEwMDExMDExMTExMTEwMTExMTExMA==",
      "pttl": null,
      "type": "string",
      "value": {
        "data": "ABoyMDI1LTEwLTI1VDE1OjQ3OjQ5LjM5MjQ1NgkAgQKdWQAoW8s=",
        "encoding": "dump"
      }
    },
    {
      "key": "MTAwMTExMTExMTExMTExMTExMDEwMTExMTExMTEwMDExMTEwMDExMTExMTExMA==",
      "pttl": null,
      "type": "string",
      "value": {
        "data": "ABoyMDI1LTEwLTI1VDE1OjQ5OjQxLjczNzE3NQkAOR+PhKnh0Jg=",
        "encoding": "dump"
      }
    },
    {
      "key": "MTAwMTExMTExMTExMTExMTExMDEwMTExMTExMTEwMDExMTExMTExMTExMTExMQ==",
      "pttl": null,
      "type": "string",
      "value": {
        "data": "ABoyMDI1LTEwLTI1VDE1OjQ2OjM1LjYzOTQzNAkAOmxkd1ngZos=",
        "encoding": "dump"
      }
    },
    {
      "key": "MTAwMTExMTExMTExMTExMTExMDEwMTExMTExMTExMTExMTEwMDExMTExMTExMA==",
      "pttl": null,
      "type": "string",
      "value": {
        "data": "ABoyMDI1LTEwLTI1VDE1OjQ4OjUyLjM0NzUzNAkAAOGnl9osy1c=",
        "encoding": "dump"
      }
    },
    {
      "key": "MTAwMTExMTExMTExMTExMTExMDExMTExMTAxMTExMTEwMDEwMDExMTAwMDExMQ==",
      "pttl": null,
      "type": "string",
      "value": {
        "data": "ABoyMDI1LTEwLTI1VDE1OjQ0OjU4LjU2MTM2NAkArPU3rDNqvNI=",
        "encoding": "dump"
      }
    },
    {
      "key": "MTAwMTExMTExMTExMTExMTExMTEwMTExMTExMTEwMDExMTEwMDExMTExMTExMQ==",
      "pttl": null,
      "type": "string",
      "value": {
        "data": "ABoyMDI1LTEwLTI1VDE1OjQ0OjUyLjg4NDc3NwkA43gQh1jSchw=",
        "encoding": "dump"
      }
    },
    {
      "key": "MTAwMTExMTExMTExMTExMTExMTEwMTExMTExMTExMDExMTEwMDExMTExMTExMA==",
      "pttl": null,
      "type": "string",
      "value": {
        "data": "ABoyMDI1LTEwLTI1VDE1OjQ1OjA2Ljk4MzQ5OQkArGLGvDRV1N4=",
        "encoding": "dump"
      }
    },
    {
      "key": "MTAwMTExMTExMTExMTExMTExMTEwMTExMTExMTExMTExMTEwMDExMTEwMTExMQ==",
      "pttl": null,
      "type": "string",
      "value": {
        "data": "ABoyMDI1LTEwLTI1VDE1OjQ4OjQzLjM5OTk5OQkAS/EVFpZyYyc=",
        "encoding": "dump"
      }
    },
    {
      "key": "MTAwMTExMTExMTExMTExMTExMTEwMTExMTExMTExMTExMTExMTEwMTEwMDExMA==",
      "pttl": null,
      "type": "string",
      "value": {
        "data": "ABoyMDI1LTEwLTI1VDE1OjQ5OjA1LjczODY3OAkAzGrxQ2XrG2c=",
        "encoding": "dump"
      }
    },
    {
      "key": "MTAwMTExMTExMTExMTExMTExMTEwMTExMTExMTExMTExMTExMTExMTEwMDExMA==",
      "pttl": null,
      "type": "string",
      "value": {
        "data": "ABoyMDI1LTEwLTI1VDE1OjQ2OjQ1LjUzMjE1NQkAk0hH9Q2hbKQ=",
        "encoding": "dump"
      }
    },
    {
      "key": "MTAwMTExMTExMTExMTExMTExMTExMTExMTAxMTExMTExMTExMTExMTExMTExMA==",
      "pttl": null,
      "type": "string",
      "value": {
        "data": "ABoyMDI1LTEwLTI1VDE1OjQ5OjAwLjAxNzUwMgkAbovJiQzcf0o=",
        "encoding": "dump"
      }
    },
    {
      "key": "MTAwMTExMTExMTExMTExMTExMTExMTExMTExMDExMTExMTExMTExMTExMDExMA==",
      "pttl": null,
      "type": "string",
      "value": {
        "data": "ABoyMDI1LTEwLTI1VDE1OjQ5OjIzLjIwMDAwNgkAvs7foi1vHXE=",
        "encoding": "dump"
      }
    },
    {
      "key": "MTAwMTExMTExMTExMTExMTExMTExMTExMTExMDExMTExMTExMTExMTExMTExMQ==",
      "pttl": null,
      "type": "string",
      "value": {
        "data": "ABoyMDI1LTEwLTI1VDE1OjQ2OjM2LjUzMTQxNQkAoffe1W0YWRI=",
        "encoding": "dump"
      }
    },
    {
      "key": "MTAwMTExMTExMTExMTExMTExMTExMTExMTExMTExMDEwMDExMTExMTExMTExMA==",
      "pttl": null,
      "type": "string",
      "value": {
        "data": "ABoyMDI1LTEwLTI1VDE1OjUwOjEzLjk4Njk5OQkAsv22ilRYaAo=",
        "encoding": "dump"
      }
    },
    {
      "key": "MTAwMTExMTExMTExMTExMTExMTExMTExMTExMTExMTExMTEwMDExMTEwMTExMA==",
      "pttl": null,
      "type": "string",
      "value": {
        "data": "ABoyMDI1LTEwLTI1VDE1OjQ3OjQ3LjM1ODM0NwkALbABZ/J6sLc=",
        "encoding": "dump"
      }
    },
    {
      "key": "MTAwMTExMTExMTExMTExMTExMTExMTExMTExMTExMTExMTExMTExMTExMDExMA==",
      "pttl": null,
      "type": "string",
      "value": {
        "data": "ABoyMDI1LTEwLTI1VDE1OjQ2OjA0LjU5OTY0OAkAbsiX2Oivac4=",
        "encoding": "dump"
      }
    },
    {
      "key": "MTAwMTExMTExMTExMTExMTExMTExMTExMTExMTExMTExMTExMTExMTExMTEwMA==",
      "pttl": null,
      "type": "string",
      "value": {
        "data": "ABoyMDI1LTEwLTI1VDE1OjUwOjE5LjQ2ODAyNwkAx7RjieDND7Q=",
        "encoding": "dump"
      }
    },
    {
      "key": "MTAwMTExMTExMTExMTExMTExMTExMTExMTExMTExMTExMTExMTExMTExMTEwMQ==",
      "pttl": null,
      "type": "string",
      "value": {
        "data": "ABoyMDI1LTEwLTI1VDE1OjUwOjE4Ljc1ODQyMwkA7C13ooZh+I0=",
        "encoding": "dump"
      }
    },
    {
      "key": "MTAwMTExMTExMTExMTExMTExMTExMTExMTExMTExMTExMTExMTExMTExMTExMQ==",
      "pttl": null,
      "type": "string",
      "value": {
        "data": "ABoyMDI1LTEwLTI1VDE1OjQzOjEyLjI5MDU4MwkAM1Bk8DTnTtg=",
        "encoding": "dump"
      }
    },
    {
      "key": "MTEwMTAxMDAxMDEwMTExMTExMTExMTExMTExMTExMTEwMDExMTExMTEwMTExMA==",
      "pttl": null,
      "type": "string",
      "value": {
        "data": "ABoyMDI1LTEwLTI1VDE1OjUwOjI3LjYwNTIyMwkAYZf3R3KcsL4=",
        "encoding": "dump"
      }
    },
    {
      "key": "MTEwMTAxMDAxMTExMTExMTExMDExMTExMTExMTEwMDExMDEwMDExMTExMTExMA==",
      "pttl": null,
      "type": "string",
      "value": {
        "data": "ABoyMDI1LTEwLTI1VDE1OjQ3OjI3LjUyMjc1NQkAT/jMn1IGBl0=",
        "encoding": "dump"
      }
    },
    {
      "key": "MTEwMTAxMTAxMDExMTExMTExMDEwMTExMTAwMDExMTExMDExMTExMTEwMTExMA==",
      "pttl": null,
      "type": "string",
      "value": {
        "data": "ABoyMDI1LTEwLTI1VDE1OjQ5OjIwLjQwNTg0MQkAGTjhmBR0I1Y=",
        "encoding": "dump"
      }
    },
    {
      "key": "MTEwMTAxMTAxMDExMTExMTExMTExMTExMTExMTExMTEwMDExMTExMTExMTExMA==",
      "pttl": null,
      "type": "string",
      "value": {
        "data": "ABoyMDI1LTEwLTI1VDE1OjQ4OjI4LjY5MDY4NQkAVWucbzdApm8=",
        "encoding": "dump"
      }
    },
    {
      "key": "MTEwMTEwMTAxMDExMTExMTExMTExMTEwMTEwMDExMTExMTExMTExMTExMTExMQ==",
      "pttl": null,
      "type": "string",
      "value": {
        "data": "ABoyMDI1LTEwLTI1VDE1OjQyOjI1LjI2MzA4NwkAoSxtkxj79zM=",
        "encoding": "dump"
      }
    },
    {
      "key": "MTEwMTEwMTAxMTEwMTExMTExMTEwMTExMTExMDExMDExMTExMDExMTExMTExMQ==",
      "pttl": null,
      "type": "string",
      "value": {
        "data": "ABoyMDI1LTEwLTI1VDE1OjUwOjI3LjMwODE5OQkAFBBA0lJQxCI=",
        "encoding": "dump"
      }
    },
    {
      "key": "MTEwMTEwMTAxMTExMTExMTAxMTExMTEwMTEwMDExMTExMTExMTExMTExMTExMQ==",
      "pttl": null,
      "type": "string",
      "value": {
        "data": "ABoyMDI1LTEwLTI1VDE1OjQ4OjQ3LjMwNzE0NAkAOHNGvNQ0Q58=",
        "encoding": "dump"
      }
    },
    {
      "key": "MTEwMTEwMTAxMTExMTExMTExMTExMTExMTAxMTExMDExMTExMTExMTAxMTExMQ==",
      "pttl": null,
      "type": "string",
      "value": {
        "data": "ABoyMDI1LTEwLTI1VDE1OjUwOjAyLjY4OTQxMQkAxPz09o3WZC8=",
        "encoding": "dump"
      }
    },
    {
      "key": "MTEwMTEwMTAxMTExMTExMTExMTExMTExMTExMTExMDExMTExMTExMTExMTExMQ==",
      "pttl": null,
      "type": "string",
      "value": {
        "data": "ABoyMDI1LTEwLTI1VDE1OjQ5OjU5LjYzOTMyMwkAhXel5RW61UU=",
        "encoding": "dump"
      }
    },
    {
      "key": "MTEwMTEwMTAxMTExMTExMTExMTExMTExMTExMTExMTExMTExMTExMTEwMTExMQ==",
      "pttl": null,
      "type": "string",
      "value": {
        "data": "ABoyMDI1LTEwLTI1VDE1OjQzOjU0LjkyNjAwMQkAwRKKsSiGaVo=",
        "encoding": "dump"
      }
    },
    {
      "key": "MTEwMTEwMTExMDExMTExMTAxMTExMTExMTEwMDEwMDExMTExMTExMTExMTExMQ==",
      "pttl": null,
      "type": "string",
      "value": {
        "data": "ABoyMDI1LTEwLTI1VDE1OjQ2OjQyLjE0NDQzNwkAGdmscOlrChs=",
        "encoding": "dump"
      }
    },
    {
      "key": "MTEwMTEwMTExMDExMTExMTExMDEwMTEwMTAwMDExMTExMTEwMDExMTEwMTExMQ==",
      "pttl": null,
      "type": "string",
      "value": {
        "data": "ABoyMDI1LTEwLTI1VDE1OjQ2OjQzLjQxMjg0NgkADO+78s4OYsg=",
        "encoding": "dump"
      }
    },
    {
      "key": "MTEwMTExMDAxMTExMTExMTExMTExMTExMTExMTExMDEwMDExMTExMTExMTExMA==",
      "pttl": null,
      "type": "string",
      "value": {
        "data": "ABoyMDI1LTEwLTI1VDE1OjQ1OjExLjgyNzkwNAkADjUfr5Pvqac=",
        "encoding": "dump"
      }
    },
    {
      "key": "MTEwMTExMDExMDExMTExMTExMTExMTExMTExMDExMDEwMDExMTExMTExMTExMA==",
      "pttl": null,
      "type": "string",
      "value": {
        "data": "ABoyMDI1LTEwLTI1VDE1OjQ5OjE2LjA1NTI0NQkABSiEAhG+2M4=",
        "encoding": "dump"
      }
    },
    {
      "key": "MTEwMTExMTAxMTExMTExMTAxMTExMTExMTExMTExMTExMTExMTExMTExMTExMQ==",
      "pttl": null,
      "type": "string",
      "value": {
        "data": "ABoyMDI1LTEwLTI1VDE1OjQ0OjI5LjQyODIxMAkApP5tAf0Iy24=",
        "encoding": "dump"
      }
    },
    {
      "key": "MTEwMTExMTAxMTExMTExMTExMTExMTExMTAxMTExMDExMTExMTExMTExMTExMQ==",
      "pttl": null,
      "type": "string",
      "value": {
        "data": "ABoyMDI1LTEwLTI1VDE1OjQ3OjAxLjAyMTEwMAkAIpqxFkdAi1o=",
        "encoding": "dump"
      }
    },
    {
      "key": "MTEwMTExMTExMDExMTExMTExMTExMTExMTExMDExMTExMTExMTExMTExMTEwMA==",
      "pttl": null,
      "type": "string",
      "value": {
        "data": "ABoyMDI1LTEwLTI1VDE1OjQzOjQwLjQ4MzM3MAkAHVseV5D7om0=",
        "encoding": "dump"
      }
    },
    {
      "key": "MTEwMTExMTExMTEwMTExMTExMTExMTExMTExMTExMDExMTExMTExMTExMTExMQ==",
      "pttl": null,
      "type": "string",
      "value": {
        "data": "ABoyMDI1LTEwLTI1VDE1OjQ5OjQ5LjAzMjc1MgkANFfRaS2pJ8w=",
        "encoding": "dump"
      }
    },
    {
      "key": "MTEwMTExMTExMTEwMTExMTExMTExMTExMTExMTExMTExMTExMTExMTExMTExMA==",
      "pttl": null,
      "type": "string",
      "value": {
        "data": "ABoyMDI1LTEwLTI1VDE1OjUwOjA3LjM2Mzg5NAkAJgl2lCGY91g=",
        "encoding": "dump"
      }
    },
    {
      "key": "MTEwMTExMTExMTExMTExMTAxMTExMTExMTExMTEwMDEwMDExMTExMTExMTEwMA==",
      "pttl": null,
      "type": "string",
      "value": {
        "data": "ABoyMDI1LTEwLTI1VDE1OjQ0OjE0LjI2NDMyMwkAMgRWYS+KgwI=",
        "encoding": "dump"
      }
    },
    {
      "key": "MTEwMTExMTExMTExMTExMTExMTExMTEwMTEwMDExMTExMTEwMDExMTExMTExMA==",
      "pttl": null,
      "type": "string",
      "value": {
        "data": "ABoyMDI1LTEwLTI1VDE1OjQ1OjI3LjEyNTQwNwkAKSnkm45NbzI=",
        "encoding": "dump"
      }
    },
    {
      "key": "MTEwMTExMTExMTExMTExMTExMTExMTExMTEwMDExMDExMTExMTExMTExMTExMQ==",
      "pttl": null,
      "type": "string",
      "value": {
        "data": "ABoyMDI1LTEwLTI1VDE1OjQ0OjMwLjA4MDQ0MgkAWv7rNewCgw8=",
        "encoding": "dump"
      }
    },
    {
      "key": "MTEwMTExMTExMTExMTExMTExMTExMTExMTExMDExMDExMTExMDExMTExMTExMA==",
      "pttl": null,
      "type": "string",
      "value": {
        "data": "ABoyMDI1LTEwLTI1VDE1OjQxOjUzLjg5MTA3OAkAHNzY6VJt+Ds=",
        "encoding": "dump"
      }
    },
    {
      "key": "MTEwMTExMTExMTExMTExMTExMTExMTExMTExMTExMTEwMDExMTEwMTExMDEwMQ==",
      "pttl": null,
      "type": "string",
      "value": {
        "data": "ABoyMDI1LTEwLTI1VDE1OjQ4OjI3LjA3NzQ3NQkArOtXFLTgaL0=",
        "encoding": "dump"
      }
    },
    {
      "key": "MTEwMTExMTExMTExMTExMTExMTExMTExMTExMTExMTExMTExMTExMTExMDExMA==",
      "pttl": null,
      "type": "string",
      "value": {
        "data": "ABoyMDI1LTEwLTI1VDE1OjI5OjEyLjE1ODI1NAkA6i75oexb4Ug=",
        "encoding": "dump"
      }
    },
    {
      "key": "MTExMTAwMTAxMTExMTAxMTExMTExMTExMTExMTEwMDExMDEwMDExMTAxMTEwMQ==",
      "pttl": null,
      "type": "string",
      "value": {
        "data": "ABoyMDI1LTEwLTI1VDE1OjQ1OjAxLjMzNDk5OQkACsiSqmHrIic=",
        "encoding": "dump"
      }
    },
    {
      "key": "MTExMTAwMTAxMTExMTExMTExMTExMTExMTAwMDEwMDEwMDEwMDExMTExMTEwMQ==",
      "pttl": null,
      "type": "string",
      "value": {
        "data": "ABoyMDI1LTEwLTI1VDE1OjUwOjA5LjI2MzQ1OAkAxRxf6HwOPyM=",
        "encoding": "dump"
      }
    },
    {
      "key": "MTExMTAwMTExMTEwMTAxMTAxMTExMTExMTEwMDExMDEwMDEwMDExMTAwMTExMQ==",
      "pttl": null,
      "type": "string",
      "value": {
        "data": "ABoyMDI1LTEwLTI1VDE1OjUwOjE1Ljg4NjExNAkA/uZNsEfLfM4=",
        "encoding": "dump"
      }
    },
    {
      "key": "MTExMTAwMTExMTExMTExMTExMDEwMTExMTExMTExMTExMDExMTExMTExMTExMQ==",
      "pttl": null,
      "type": "string",
      "value": {
        "data": "ABoyMDI1LTEwLTI1VDE1OjQzOjM5LjIyNzQ1NgkAl7A4tU3dt8c=",
        "encoding": "dump"
      }
    },
    {
      "key": "MTExMTAxMDExMTExMTExMTExMDExMTExMTExMDEwMDEwMDExMTEwMTExMTExMA==",
      "pttl": null,
      "type": "string",
      "value": {
        "data": "ABoyMDI1LTEwLTI1VDE1OjQ3OjEyLjU3NjIwOAkAx/0TnbnEWWg=",
        "encoding": "dump"
      }
    },
    {
      "key": "MTExMTAxMTAxMDExMTExMTExMTExMTExMTEwMDExMDEwMDExMTExMTEwMTExMA==",
      "pttl": null,
      "type": "string",
      "value": {
        "data": "ABoyMDI1LTEwLTI1VDE1OjUwOjMyLjYyMzY5MgkA3Hzm6rotIFY=",
        "encoding": "dump"
      }
    },
    {
      "key": "MTExMTAxMTAxMDExMTExMTExMTExMTExMTExMTExMTExMDExMTExMTEwMTExMA==",
      "pttl": null,
      "type": "string",
      "value": {
        "data": "ABoyMDI1LTEwLTI1VDE1OjQ4OjM3LjQ0MDgzMQkA3stTzii1F7g=",
        "encoding": "dump"
      }
    },
    {
      "key": "MTExMTAxMTAxMTEwMTAwMTExMTExMTAwMTAwMDEwMDExMDExMTExMTExMTExMA==",
      "pttl": null,
      "type": "string",
      "value": {
        "data": "ABoyMDI1LTEwLTI1VDE1OjUwOjIxLjIyNjMyMQkAHmP6hn8SpP4=",
        "encoding": "dump"
      }
    },
    {
      "key": "MTExMTAxMTExMDEwMTExMTExMDExMTExMTEwMDExMDExMDExMTExMTExMTExMA==",
      "pttl": null,
      "type": "string",
      "value": {
        "data": "ABoyMDI1LTEwLTI1VDE1OjUwOjE4Ljk4NjE0NgkA6BruI+6TY2E=",
        "encoding": "dump"
      }
    },
    {
      "key": "MTExMTAxMTExMDExMTExMTExMTEwMTExMTAwMDExMDEwMDExMTExMTExMTExMQ==",
      "pttl": null,
      "type": "string",
      "value": {
        "data": "ABoyMDI1LTEwLTI1VDE1OjQ3OjU1Ljc1OTM5NgkAFqXPtPJ/9zY=",
        "encoding": "dump"
      }
    },
    {
      "key": "MTExMTAxMTExMDExMTExMTExMTExMTExMTEwMDExMDExMDEwMDEwMTExMTExMQ==",
      "pttl": null,
      "type": "string",
      "value": {
        "data": "ABoyMDI1LTEwLTI1VDE1OjQxOjIwLjgwMzMxNgkANcYMvJZkG/Y=",
        "encoding": "dump"
      }
    },
    {
      "key": "MTExMTAxMTExMDExMTExMTExMTExMTExMTExMTEwMDExMDExMTEwMTExMTExMQ==",
      "pttl": null,
      "type": "string",
      "value": {
        "data": "ABoyMDI1LTEwLTI1VDE1OjQ1OjMzLjE4OTgzNwkAvo81C0hkw4A=",
        "encoding": "dump"
      }
    },
    {
      "key": "MTExMTAxMTExMDExMTExMTExMTExMTExMTExMTExMDExMDEwMDEwMTExMTExMQ==",
      "pttl": null,
      "type": "string",
      "value": {
        "data": "ABoyMDI1LTEwLTI1VDE1OjMzOjEwLjI1MjMxNwkA0ir5Lt/AyXU=",
        "encoding": "dump"
      }
    },
    {
      "key": "MTExMTAxMTExMTEwMTExMTAxMTExMTExMTEwMDExMDExMDExMTExMTExMTEwMQ==",
      "pttl": null,
      "type": "string",
      "value": {
        "data": "ABoyMDI1LTEwLTI1VDE1OjUwOjAyLjE2NzkxOQkA8dj5Khjw10o=",
        "encoding": "dump"
      }
    },
    {
      "key": "MTExMTAxMTExMTEwMTExMTExMTEwMTExMTExMDExMTEwMDExMTExMTEwMDExMA==",
      "pttl": null,
      "type": "string",
      "value": {
        "data": "ABoyMDI1LTEwLTI1VDE1OjUwOjAyLjUwMDA1NwkAJGA1Jlj+4/8=",
        "encoding": "dump"
      }
    },
    {
      "key": "MTExMTAxMTExMTExMTEwMTExMTExMTAwMTExMTExMDExMDEwMDEwMTEwMTEwMQ==",
      "pttl": null,
      "type": "string",
      "value": {
        "data": "ABoyMDI1LTEwLTI1VDE1OjQ5OjI3LjQ5MjI0NQkAhzBL27rBsNc=",
        "encoding": "dump"
      }
    },
    {
      "key": "MTExMTAxMTExMTExMTExMTAxMTEwMTExMTEwMDExMDExMDEwMDEwMTExMTExMA==",
      "pttl": null,
      "type": "string",
      "value": {
        "data": "ABoyMDI1LTEwLTI1VDE1OjQ1OjEyLjA2MjQ0NgkARAH2Dj2PM+I=",
        "encoding": "dump"
      }
    },
    {
      "key": "MTExMTAxMTExMTExMTExMTExMTExMTExMTEwMDExMDEwMDEwMDExMTAxMTAwMA==",
      "pttl": null,
      "type": "string",
      "value": {
        "data": "ABoyMDI1LTEwLTI1VDE1OjQ3OjA5LjU5MDYyMQkAPTBGlwsAWBk=",
        "encoding": "dump"
      }
    },
    {
      "key": "MTExMTEwMTAxMDEwMTAxMTExMTEwMTExMTExMTEwMDEwMDExMTExMTAxMTExMQ==",
      "pttl": null,
      "type": "string",
      "value": {
        "data": "ABoyMDI1LTEwLTI1VDE1OjQ4OjQ3LjI1OTg1MAkAdEk9yD3bqSA=",
        "encoding": "dump"
      }
    },
    {
      "key": "MTExMTEwMTAxMDEwMTAxMTExMTEwMTExMTExMTExMTExMTEwMDExMTExMTExMQ==",
      "pttl": null,
      "type": "string",
      "value": {
        "data": "ABoyMDI1LTEwLTI1VDE1OjQ5OjU1LjMwMDkwMgkAHZpx6VztcCg=",
        "encoding": "dump"
      }
    },
    {
      "key": "MTExMTEwMTAxMDEwMTExMTExMTExMTExMTAxMTEwMDExMTExMTExMTAxMTExMQ==",
      "pttl": null,
      "type": "string",
      "value": {
        "data": "ABoyMDI1LTEwLTI1VDE1OjUwOjI0LjA3Nzg2NQkAiyEyPYyc8/0=",
        "encoding": "dump"
      }
    },
    {
      "key": "MTExMTEwMTAxMDExMTAwMTExMTEwMTAwMTAxMTEwMDExMTExMTExMTAxMTExMQ==",
      "pttl": null,
      "type": "string",
      "value": {
        "data": "ABoyMDI1LTEwLTI1VDE1OjQ3OjQzLjE5MzMzMgkAv1RpY9Nbaqc=",
        "encoding": "dump"
      }
    },
    {
      "key": "MTExMTEwMTAxMTEwMTAwMTAxMDEwMTAwMTExMTEwMDExMTExMTExMTExMTExMQ==",
      "pttl": null,
      "type": "string",
      "value": {
        "data": "ABoyMDI1LTEwLTI1VDE1OjUwOjE4Ljg2MjczMAkAknjOrVtcZq0=",
        "encoding": "dump"
      }
    },
    {
      "key": "MTExMTEwMTAxMTEwMTAxMTExMTExMTExMTExMDExMTEwMDExMTExMTExMDEwMQ==",
      "pttl": null,
      "type": "string",
      "value": {
        "data": "ABoyMDI1LTEwLTI1VDE1OjQ5OjE4LjE3MjgwNQkABM3ZgVd26SU=",
        "encoding": "dump"
      }
    },
    {
      "key": "MTExMTEwMTAxMTEwMTExMTExMTExMTExMTExMTExMTEwMDEwMDExMTEwMDExMQ==",
      "pttl": null,
      "type": "string",
      "value": {
        "data": "ABoyMDI1LTEwLTI1VDE1OjUwOjEyLjgwNTYzMAkA5X7KheKIK44=",
        "encoding": "dump"
      }
    },
    {
      "key": "MTExMTEwMTAxMTExMTAwMTExMTExMTAwMTExMTExMTExMTExMDExMTEwMTEwMQ==",
      "pttl": null,
      "type": "string",
      "value": {
        "data": "ABoyMDI1LTEwLTI1VDE1OjQxOjI1Ljk1MzMxNwkAtAIWeBJPAr4=",
        "encoding": "dump"
      }
    },
    {
      "key": "MTExMTEwMTAxMTExMTEwMTExMDExMTAwMTExMDEwMDEwMDExMDEwMTExMTExMQ==",
      "pttl": null,
      "type": "string",
      "value": {
        "data": "ABoyMDI1LTEwLTI1VDE1OjQ1OjI4LjMwNjg5MwkAkLsXiVt/ff0=",
        "encoding": "dump"
      }
    },
    {
      "key": "MTExMTEwMTAxMTExMTExMTAxMDExMTExMTAxMTExMTEwMDExMTExMTAxMDEwMQ==",
      "pttl": null,
      "type": "string",
      "value": {
        "data": "ABoyMDI1LTEwLTI1VDE1OjQ5OjE1LjE3NjIxMwkAl7FdnFoIlmA=",
        "encoding": "dump"
      }
    },
    {
      "key": "MTExMTEwMTAxMTExMTExMTExMDExMTExMTExMDEwMDExMTExMTExMTExMTEwMQ==",
      "pttl": null,
      "type": "string",
      "value": {
        "data": "ABoyMDI1LTEwLTI1VDE1OjQ4OjQ1Ljk4Mzg0NAkATcCe+Nue4F0=",
        "encoding": "dump"
      }
    },
    {
      "key": "MTExMTEwMTAxMTExMTExMTExMTExMTExMTEwMDExMTEwMDEwMDExMTAwMTExMQ==",
      "pttl": null,
      "type": "string",
      "value": {
        "data": "ABoyMDI1LTEwLTI1VDE1OjUwOjI4LjEwNzY4NQkA0bNiYVkWfXE=",
        "encoding": "dump"
      }
    },
    {
      "key": "MTExMTEwMTExMDEwMTAxMTAxMTEwMTExMTExMTEwMDExMTExMTExMTExMTExMQ==",
      "pttl": null,
      "type": "string",
      "value": {
        "data": "ABoyMDI1LTEwLTI1VDE1OjUwOjM2LjY4NjgyMgkAaOlV5eazeUo=",
        "encoding": "dump"
      }
    },
    {
      "key": "MTExMTEwMTExMDEwMTAxMTExMTExMTExMTExMTExMTExMTExMTExMTExMTExMQ==",
      "pttl": null,
      "type": "string",
      "value": {
        "data": "ABoyMDI1LTEwLTI1VDE1OjQ4OjQ2LjM0ODEzNQkAjQGaWgvsfI4=",
        "encoding": "dump"
      }
    },
    {
      "key": "MTExMTEwMTExMDExMTAxMTAxMTEwMTExMTExMTEwMDExMTExMTExMTExMTEwMQ==",
      "pttl": null,
      "type": "string",
      "value": {
        "data": "ABoyMDI1LTEwLTI1VDE1OjQ5OjA2LjkzMjkwMgkAyuYG2IesW4c=",
        "encoding": "dump"
      }
    },
    {
      "key": "MTExMTEwMTExMDExMTExMTAxMTEwMTExMTExMTExMTExMTExMTExMTAxMDEwMQ==",
      "pttl": null,
      "type": "string",
      "value": {
        "data": "ABoyMDI1LTEwLTI1VDE1OjM1OjU5Ljk1MTkyNwkA5GoZyBrqFVU=",
        "encoding": "dump"
      }
    },
    {
      "key": "MTExMTEwMTExMDExMTExMTAxMTEwMTExMTExMTExMTExMTExMTExMTEwMDEwMQ==",
      "pttl": null,
      "type": "string",
      "value": {
        "data": "ABoyMDI1LTEwLTI1VDE1OjMwOjQxLjg4ODU0OQkALq4df+Gj87c=",
        "encoding": "dump"
      }
    },
    {
      "key": "MTExMTEwMTExMDExMTExMTExMDEwMTExMTAwMDEwMDExMTEwMDExMTEwMTExMQ==",
      "pttl": null,
      "type": "string",
      "value": {
        "data": "ABoyMDI1LTEwLTI1VDE1OjUwOjE5LjU2Mjc0NQkAFSle60+E2bM=",
        "encoding": "dump"
      }
    },
    {
      "key": "MTExMTEwMTExMTExMTExMTAxMDExMTExMTAxMTExMTEwMDExMTExMTAwMDEwMQ==",
      "pttl": null,
      "type": "string",
      "value": {
        "data": "ABoyMDI1LTEwLTI1VDE1OjQ1OjU5Ljk2MTk1OQkAKtaZQv5egp4=",
        "encoding": "dump"
      }
    },
    {
      "key": "MTExMTEwMTExMTExMTExMTExMTExMTExMTAxMTExMTExMTExMTExMTEwMTExMQ==",
      "pttl": null,
      "type": "string",
      "value": {
        "data": "ABoyMDI1LTEwLTI1VDE1OjM0OjUwLjA3MDg3MgkA0Ga66WkcpeY=",
        "encoding": "dump"
      }
    },
    {
      "key": "MTExMTEwMTExMTExMTExMTExMTExMTExMTExMTExMDExMTExMTExMTExMTExMQ==",
      "pttl": null,
      "type": "string",
      "value": {
        "data": "ABoyMDI1LTEwLTI1VDE1OjQ0OjM3Ljc2NTczNQkA7WLw3/pIf5Y=",
        "encoding": "dump"
      }
    },
    {
      "key": "MTExMTExMDAxMDEwMTAxMTExMTEwMTExMTExMDEwMDExMTExMTExMTExMTExMA==",
      "pttl": null,
      "type": "string",
      "value": {
        "data": "ABoyMDI1LTEwLTI1VDE1OjQ4OjU4Ljk4MTIzMgkAPyNY11gEpnE=",
        "encoding": "dump"
      }
    },
    {
      "key": "MTExMTExMDAxMDEwMTAxMTExMTExMTExMTExMTExMTExMTExMTEwMTExMTEwMA==",
      "pttl": null,
      "type": "string",
      "value": {
        "data": "ABoyMDI1LTEwLTI1VDE1OjQ5OjQyLjgyMDg2MAkAYbCTqh5kJ/0=",
        "encoding": "dump"
      }
    },
    {
      "key": "MTExMTExMDAxMDEwMTExMTExMTEwMTExMTExMDEwMDExMTExMDExMTExMTExMA==",
      "pttl": null,
      "type": "string",
      "value": {
        "data": "ABoyMDI1LTEwLTI1VDE1OjQ5OjQyLjgxMzczMwkAQN0aIyNy+4M=",
        "encoding": "dump"
      }
    },
    {
      "key": "MTExMTExMDAxMDEwMTExMTExMTExMTExMTEwMDExMTExMTExMTExMTExMDEwMA==",
      "pttl": null,
      "type": "string",
      "value": {
        "data": "ABoyMDI1LTEwLTI1VDE1OjUwOjE4LjE0MDQzMAkAmIACY6Lu9gg=",
        "encoding": "dump"
      }
    },
    {
      "key": "MTExMTExMDAxMDExMTAxMTExMTExMTExMTExMDEwMDEwMDExMTExMTExMTEwMA==",
      "pttl": null,
      "type": "string",
      "value": {
        "data": "ABoyMDI1LTEwLTI1VDE1OjQ5OjU1LjY3MzU2OAkA19rmD18xQUo=",
        "encoding": "dump"
      }
    },
    {
      "key": "MTExMTExMDAxMDExMTExMTExMTExMTExMTEwMDExMTExMTExMTExMTExMTEwMA==",
      "pttl": null,
      "type": "string",
      "value": {
        "data": "ABoyMDI1LTEwLTI1VDE1OjM2OjA2Ljk1NTk5OQkA+14jeBmZTTE=",
        "encoding": "dump"
      }
    },
    {
      "key": "MTExMTExMDAxMDExMTExMTExMTExMTExMTExMTExMTEwMDExMTExMTAwMTExMA==",
      "pttl": null,
      "type": "string",
      "value": {
        "data": "ABoyMDI1LTEwLTI1VDE1OjM5OjI4LjY1ODQ4MwkADRj+3jLRaFE=",
        "encoding": "dump"
      }
    },
    {
      "key": "MTExMTExMDAxMTEwMTExMTAxMDExMTExMTExMDEwMDExMTExMTEwMTExMTEwMA==",
      "pttl": null,
      "type": "string",
      "value": {
        "data": "ABoyMDI1LTEwLTI1VDE1OjUwOjA4LjQzOTEzOAkAfYEr24z2AUk=",
        "encoding": "dump"
      }
    },
    {
      "key": "MTExMTExMDAxMTEwMTExMTAxMDExMTExMTExMTExMDEwMDExMTExMTExMTExMA==",
      "pttl": null,
      "type": "string",
      "value": {
        "data": "ABoyMDI1LTEwLTI1VDE1OjQ5OjQ3Ljk5NzA3MwkAemkdCCvwsok=",
        "encoding": "dump"
      }
    },
    {
      "key": "MTExMTExMDAxMTEwMTExMTExMDExMTExMTExMDExMTEwMDExMTExMTExMTEwMA==",
      "pttl": null,
      "type": "string",
      "value": {
        "data": "ABoyMDI1LTEwLTI1VDE1OjQ4OjM5LjgwMzM4NAkAvLpjzXmmWYo=",
        "encoding": "dump"
      }
    },
    {
      "key": "MTExMTExMDAxMTEwMTExMTExMTExMTExMTExMDExMDEwMDExMTExMTExMTExMA==",
      "pttl": null,
      "type": "string",
      "value": {
        "data": "ABoyMDI1LTEwLTI1VDE1OjQ5OjIyLjEwMTc1MAkAKriYWz4ZKnk=",
        "encoding": "dump"
      }
    },
    {
      "key": "MTExMTExMDAxMTExMTAxMTExMTExMTExMTEwMDExMTExMTEwMDExMTExMTExMA==",
      "pttl": null,
      "type": "string",
      "value": {
        "data": "ABoyMDI1LTEwLTI1VDE1OjMyOjQ1LjI3MTM5MAkAyIjxD0g0i5o=",
        "encoding": "dump"
      }
    },
    {
      "key": "MTExMTExMDAxMTExMTAxMTExMTExMTExMTExMTExMTExMTEwMDEwMTExMTEwMA==",
      "pttl": null,
      "type": "string",
      "value": {
        "data": "ABoyMDI1LTEwLTI1VDE1OjQ4OjIxLjcwNDIxNQkAqh69f6dFwWk=",
        "encoding": "dump"
      }
    },
    {
      "key": "MTExMTExMDAxMTExMTExMTExMTExMTExMTEwMDExMDEwMDExMTExMTExMTEwMA==",
      "pttl": null,
      "type": "string",
      "value": {
        "data": "ABoyMDI1LTEwLTI1VDE1OjQ1OjE5LjQ1NzA4OAkA+vjaOMowK/E=",
        "encoding": "dump"
      }
    },
    {
      "key": "MTExMTExMDExMDEwMTEwMTExMDExMTAwMTExMDExMDEwMDExMDEwMTExMTExMA==",
      "pttl": null,
      "type": "string",
      "value": {
        "data": "ABoyMDI1LTEwLTI1VDE1OjQ5OjQwLjAzODY3MAkAQ0TdluiNsX0=",
        "encoding": "dump"
      }
    },
    {
      "key": "MTExMTExMDExMTEwMTExMTExMDExMTExMTEwMDExMTEwMDExMDExMTExMTExMA==",
      "pttl": null,
      "type": "string",
      "value": {
        "data": "ABoyMDI1LTEwLTI1VDE1OjUwOjA1Ljk1MDEwMgkA2h0o1b1/PoE=",
        "encoding": "dump"
      }
    },
    {
      "key": "MTExMTExMDExMTEwMTExMTExMTExMTExMTExMDExMDEwMDExMTExMTExMTEwMA==",
      "pttl": null,
      "type": "string",
      "value": {
        "data": "ABoyMDI1LTEwLTI1VDE1OjQ4OjU3LjEyODg1MAkAPyeX2Milfaw=",
        "encoding": "dump"
      }
    },
    {
      "key": "MTExMTExMDExMTExMTExMTAxMTExMTExMTExMTExMDEwMDEwMDExMTExMTExMA==",
      "pttl": null,
      "type": "string",
      "value": {
        "data": "ABoyMDI1LTEwLTI1VDE1OjQwOjU3LjY5NjQxMQkAEPkSKRflzsU=",
        "encoding": "dump"
      }
    },
    {
      "key": "MTExMTExMDExMTExMTExMTAxMTExMTExMTExMTExMTExMTExMTEwMTEwMTEwMA==",
      "pttl": null,
      "type": "string",
      "value": {
        "data": "ABoyMDI1LTEwLTI1VDE1OjQ4OjU4Ljg4NjEyMQkAjGeffIGhWVE=",
        "encoding": "dump"
      }
    },
    {
      "key": "MTExMTExMDExMTExMTExMTExMDEwMTExMTExMTExMTExMTExMDEwMTAwMTEwMA==",
      "pttl": null,
      "type": "string",
      "value": {
        "data": "ABoyMDI1LTEwLTI1VDE1OjQ5OjE3LjYwMDg3MwkALR1qNauCiRs=",
        "encoding": "dump"
      }
    },
    {
      "key": "MTExMTExMDExMTExMTExMTExMTExMTExMTExMTEwMDEwMDExMDExMTExMTExMA==",
      "pttl": null,
      "type": "string",
      "value": {
        "data": "ABoyMDI1LTEwLTI1VDE1OjQxOjA3LjcxMjQ1MgkAwAf+Gz12ugY=",
        "encoding": "dump"
      }
    },
    {
      "key": "MTExMTExMTAxMDEwMTAxMTExMTExMTExMTExMTExMTExMTExMTExMTEwMTEwMQ==",
      "pttl": null,
      "type": "string",
      "value": {
        "data": "ABoyMDI1LTEwLTI1VDE1OjQ4OjI4LjkxMDA5NQkArWB9JjvWHnY=",
        "encoding": "dump"
      }
    },
    {
      "key": "MTExMTExMTAxMDEwMTExMTAxMTExMTExMTExMDExMDExMTExMTExMTExMTExMA==",
      "pttl": null,
      "type": "string",
      "value": {
        "data": "ABoyMDI1LTEwLTI1VDE1OjQ4OjQ2LjEwNDgzOQkA2/Nsne9Nhws=",
        "encoding": "dump"
      }
    },
    {
      "key": "MTExMTExMTAxMDEwMTExMTExMTExMTExMTAwMDExMDEwMDEwMDExMTAxMTExMA==",
      "pttl": null,
      "type": "string",
      "value": {
        "data": "ABoyMDI1LTEwLTI1VDE1OjQ5OjA0LjI0MjY4NwkArcvotnzoGc0=",
        "encoding": "dump"
      }
    },
    {
      "key": "MTExMTExMTAxMDExMTAxMTExMTExMTExMTExMTExMDExMTEwMDEwMTExMTEwMA==",
      "pttl": null,
      "type": "string",
      "value": {
        "data": "ABoyMDI1LTEwLTI1VDE1OjM4OjQwLjEwMjg4NAkAwzQq8jaelXw=",
        "encoding": "dump"
      }
    },
    {
      "key": "MTExMTExMTAxMDExMTExMTAxMTExMTExMTAwMDEwMDExMTExMTExMTExMTExMA==",
      "pttl": null,
      "type": "string",
      "value": {
        "data": "ABoyMDI1LTEwLTI1VDE1OjUwOjA0LjIwNTg3OQkAG1PH1oGjIHQ=",
        "encoding": "dump"
      }
    },
    {
      "key": "MTExMTExMTAxMDExMTExMTExMTExMTExMTEwMDExMDEwMDExMTExMTExMTEwMQ==",
      "pttl": null,
      "type": "string",
      "value": {
        "data": "ABoyMDI1LTEwLTI1VDE1OjQ5OjE3LjMzNTg0NgkATEqWGBSy05M=",
        "encoding": "dump"
      }
    },
    {
      "key": "MTExMTExMTAxMDExMTExMTExMTExMTExMTEwMDExMTEwMDExMTExMTExMDExMA==",
      "pttl": null,
      "type": "string",
      "value": {
        "data": "ABoyMDI1LTEwLTI1VDE1OjM5OjM3LjMzMDQ5OAkA+fggeCfS9wI=",
        "encoding": "dump"
      }
    },
    {
      "key": "MTExMTExMTAxMDExMTExMTExMTExMTExMTExMDExMDExMTExMTExMTExMTEwMQ==",
      "pttl": null,
      "type": "string",
      "value": {
        "data": "ABoyMDI1LTEwLTI1VDE1OjQ3OjExLjg0ODc4MAkAdZ885gutcq8=",
        "encoding": "dump"
      }
    },
    {
      "key": "MTExMTExMTAxMTEwMTAxMTExMTExMTExMTExMTExMDExMTExMTExMTExMTEwMA==",
      "pttl": null,
      "type": "string",
      "value": {
        "data": "ABoyMDI1LTEwLTI1VDE1OjQ4OjQ1Ljk5MzM5NAkAUq/wP7S4g8A=",
        "encoding": "dump"
      }
    },
    {
      "key": "MTExMTExMTAxMTEwMTExMTAxMTEwMTExMTEwMDExMDExMTExMTExMTExMTExMA==",
      "pttl": null,
      "type": "string",
      "value": {
        "data": "ABoyMDI1LTEwLTI1VDE1OjQ5OjU0LjQ0ODczNQkATUHecbwT8Vs=",
        "encoding": "dump"
      }
    },
    {
      "key": "MTExMTExMTAxMTEwMTExMTAxMTExMTExMTExMDExMTExMTExMTExMTExMDExMA==",
      "pttl": null,
      "type": "string",
      "value": {
        "data": "ABoyMDI1LTEwLTI1VDE1OjQ5OjQwLjg2NTMzOAkAGAFJG+4bDX0=",
        "encoding": "dump"
      }
    },
    {
      "key": "MTExMTExMTAxMTEwMTExMTAxMTExMTExMTExMDExMTExMTExMTExMTExMTExMQ==",
      "pttl": null,
      "type": "string",
      "value": {
        "data": "ABoyMDI1LTEwLTI1VDE1OjQ4OjM1LjQ2MzQwOQkAPSi5tECm3Z8=",
        "encoding": "dump"
      }
    },
    {
      "key": "MTExMTExMTAxMTEwMTExMTExMDEwMTEwMTExMTExMTExMTExMTExMTExMDExMA==",
      "pttl": null,
      "type": "string",
      "value": {
        "data": "ABoyMDI1LTEwLTI1VDE1OjQ4OjU5LjcwMjIxMAkA6hYxAEk1ejM=",
        "encoding": "dump"
      }
    },
    {
      "key": "MTExMTExMTAxMTEwMTExMTExMDEwMTExMTEwMDExMDExMTExMTExMTExMTEwMA==",
      "pttl": null,
      "type": "string",
      "value": {
        "data": "ABoyMDI1LTEwLTI1VDE1OjUwOjExLjcxNTExOAkAY97PFAP3Dr0=",
        "encoding": "dump"
      }
    },
    {
      "key": "MTExMTExMTAxMTEwMTExMTExMDExMTEwMTExMTExMDEwMDExMTExMTExMTExMA==",
      "pttl": null,
      "type": "string",
      "value": {
        "data": "ABoyMDI1LTEwLTI1VDE1OjQ5OjM2Ljk2OTMzMgkA0eFEFZjtILM=",
        "encoding": "dump"
      }
    },
    {
      "key": "MTExMTExMTAxMTEwMTExMTExMTEwMTExMTEwMDExMTEwMDExMTExMTExMTExMA==",
      "pttl": null,
      "type": "string",
      "value": {
        "data": "ABoyMDI1LTEwLTI1VDE1OjQ4OjU5LjAwMzU5MwkADcSUJGORqg4=",
        "encoding": "dump"
      }
    },
    {
      "key": "MTExMTExMTAxMTEwMTExMTExMTEwMTExMTExMDExMDEwMDExMTExMTExMTExMQ==",
      "pttl": null,
      "type": "string",
      "value": {
        "data": "ABoyMDI1LTEwLTI1VDE1OjUwOjI4LjkyMjYxMwkADzUEG1OkzWc=",
        "encoding": "dump"
      }
    },
    {
      "key": "MTExMTExMTAxMTEwMTExMTExMTExMTExMTEwMDExMTEwMDEwMDExMTAxMDExMQ==",
      "pttl": null,
      "type": "string",
      "value": {
        "data": "ABoyMDI1LTEwLTI1VDE1OjQ5OjIwLjU5NzMxMgkAmeMtEpTZn4o=",
        "encoding": "dump"
      }
    },
    {
      "key": "MTExMTExMTAxMTEwMTExMTExMTExMTExMTEwMDExMTExMTEwMDExMTExMTEwMA==",
      "pttl": null,
      "type": "string",
      "value": {
        "data": "ABoyMDI1LTEwLTI1VDE1OjQ5OjMyLjkyMTU2NQkARRhCQjR0Y/s=",
        "encoding": "dump"
      }
    },
    {
      "key": "MTExMTExMTAxMTEwMTExMTExMTExMTExMTExMDExMDEwMDExMTExMTExMTAwMA==",
      "pttl": null,
      "type": "string",
      "value": {
        "data": "ABoyMDI1LTEwLTI1VDE1OjQ4OjU3Ljk4NzcyMAkAGMuArLYlFAk=",
        "encoding": "dump"
      }
    },
    {
      "key": "MTExMTExMTAxMTExMTAwMTExMTEwMTAwMTEwMDExMDExMTExMTExMTEwMTExMQ==",
      "pttl": null,
      "type": "string",
      "value": {
        "data": "ABoyMDI1LTEwLTI1VDE1OjUwOjAwLjcwNjIzMgkAH5ESCXy2XIA=",
        "encoding": "dump"
      }
    },
    {
      "key": "MTExMTExMTAxMTExMTAxMTExMTExMTExMTExMDExMTExMTExMTExMTEwMDEwMA==",
      "pttl": null,
      "type": "string",
      "value": {
        "data": "ABoyMDI1LTEwLTI1VDE1OjQ1OjI0LjgzMjIyNgkADBbuWV3Kbtw=",
        "encoding": "dump"
      }
    },
    {
      "key": "MTExMTExMTAxMTExMTExMTAxMTExMTExMTExMTExMTExMTExMTExMTExMDExMA==",
      "pttl": null,
      "type": "string",
      "value": {
        "data": "ABoyMDI1LTEwLTI1VDE1OjI3OjUyLjU0NzAxOQkAZCfh6lepCUk=",
        "encoding": "dump"
      }
    },
    {
      "key": "MTExMTExMTAxMTExMTExMTExMTEwMTExMTExMTExMTExMTExMTExMTExMTExMQ==",
      "pttl": null,
      "type": "string",
      "value": {
        "data": "ABoyMDI1LTEwLTI1VDE1OjQ3OjM0LjQxNzgwNwkA49GThyKOtgo=",
        "encoding": "dump"
      }
    },
    {
      "key": "MTExMTExMTAxMTExMTExMTExMTExMTExMTAwMDExMTExMTExMTExMTAxMDExMA==",
      "pttl": null,
      "type": "string",
      "value": {
        "data": "ABoyMDI1LTEwLTI1VDE1OjQ3OjI2Ljk5MzE0OQkAUbBe+WnD2jo=",
        "encoding": "dump"
      }
    },
    {
      "key": "MTExMTExMTAxMTExMTExMTExMTExMTExMTEwMDEwMDExMTExMTExMTExMTExMQ==",
      "pttl": null,
      "type": "string",
      "value": {
        "data": "ABoyMDI1LTEwLTI1VDE1OjQ4OjQ4Ljk0MTkzNwkAlZtC7BtRURw=",
        "encoding": "dump"
      }
    },
    {
      "key": "MTExMTExMTAxMTExMTExMTExMTExMTExMTExMDExMDExMTExMTExMTExMTExMA==",
      "pttl": null,
      "type": "string",
      "value": {
        "data": "ABoyMDI1LTEwLTI1VDE1OjM4OjU0Ljc4MDU0OAkAPoVrJIdeJ7E=",
        "encoding": "dump"
      }
    },
    {
      "key": "MTExMTExMTAxMTExMTExMTExMTExMTExMTExMDExMTExMTExMTExMTExMTExMQ==",
      "pttl": null,
      "type": "string",
      "value": {
        "data": "ABoyMDI1LTEwLTI1VDE1OjMyOjEzLjY3MDQ0NAkALGnxuZwYHKQ=",
        "encoding": "dump"
      }
    },
    {
      "key": "MTExMTExMTAxMTExMTExMTExMTExMTExMTExMTEwMDExMTExMTExMTExMTExMQ==",
      "pttl": null,
      "type": "string",
      "value": {
        "data": "ABoyMDI1LTEwLTI1VDE1OjQ0OjI0LjI2MTk2NwkADSSoz/TQ2VA=",
        "encoding": "dump"
      }
    },
    {
      "key": "MTExMTExMTAxMTExMTExMTExMTExMTExMTExMTExMTExMTExMTExMTEwMTExMQ==",
      "pttl": null,
      "type": "string",
      "value": {
        "data": "ABoyMDI1LTEwLTI1VDE1OjM5OjIwLjQyNDkxMQkAu/jzVCRN3QU=",
        "encoding": "dump"
      }
    },
    {
      "key": "MTExMTExMTExMDEwMTAxMTExMTEwMTExMTExMDExMTExMTExMTExMTEwMTEwMA==",
      "pttl": null,
      "type": "string",
      "value": {
        "data": "ABoyMDI1LTEwLTI1VDE1OjQ5OjQ5LjgxODMwNAkAC+Ykp57j2pE=",
        "encoding": "dump"
      }
    },
    {
      "key": "MTExMTExMTExMDEwMTAxMTExMTEwMTExMTExMDExMTExMTExMTExMTEwMTEwMQ==",
      "pttl": null,
      "type": "string",
      "value": {
        "data": "ABoyMDI1LTEwLTI1VDE1OjQ5OjA3LjMxMTYxNAkAI94NRtahuJM=",
        "encoding": "dump"
      }
    },
    {
      "key": "MTExMTExMTExMDExMTAxMTExMTEwMTExMTEwMDExMDExMTExMTExMTExMTEwMA==",
      "pttl": null,
      "type": "string",
      "value": {
        "data": "ABoyMDI1LTEwLTI1VDE1OjUwOjExLjQ4Nzc2NwkAVWB7FTKBxZw=",
        "encoding": "dump"
      }
    },
    {
      "key": "MTExMTExMTExMDExMTAxMTExMTEwMTExMTExMDExMTExMTExMTExMTEwMTEwMQ==",
      "pttl": null,
      "type": "string",
      "value": {
        "data": "ABoyMDI1LTEwLTI1VDE1OjM3OjE1LjI3OTc0MQkAOmc/jwJt72o=",
        "encoding": "dump"
      }
    },
    {
      "key": "MTExMTExMTExMDExMTExMTExMDEwMTExMTEwMDEwMDExMTEwMDExMTExMTEwMA==",
      "pttl": null,
      "type": "string",
      "value": {
        "data": "ABoyMDI1LTEwLTI1VDE1OjQ2OjIwLjk3NDU4MwkARUAeuso56wg=",
        "encoding": "dump"
      }
    },
    {
      "key": "MTExMTExMTExMDExMTExMTExMTExMTExMTAxMTExMTExMTExMTExMTExMDExMQ==",
      "pttl": null,
      "type": "string",
      "value": {
        "data": "ABoyMDI1LTEwLTI1VDE1OjM3OjQyLjc0MDUyMAkAkXOgC2ty0WQ=",
        "encoding": "dump"
      }
    },
    {
      "key": "MTExMTExMTExMDExMTExMTExMTExMTExMTEwMDExMTExMTExMTExMTExMDExMQ==",
      "pttl": null,
      "type": "string",
      "value": {
        "data": "ABoyMDI1LTEwLTI1VDE1OjM4OjM0LjY5ODc3OAkAMC83E6bm8zQ=",
        "encoding": "dump"
      }
    },
    {
      "key": "MTExMTExMTExMDExMTExMTExMTExMTExMTEwMDExMTExMTExMTExMTExMTExMQ==",
      "pttl": null,
      "type": "string",
      "value": {
        "data": "ABoyMDI1LTEwLTI1VDE1OjM1OjUzLjI5MTQ4NAkAFg8bd7h1qhw=",
        "encoding": "dump"
      }
    },
    {
      "key": "MTExMTExMTExMTEwMTAwMTExMTExMTAwMTEwMDExMDExMTEwMDExMTExMTExMQ==",
      "pttl": null,
      "type": "string",
      "value": {
        "data": "ABoyMDI1LTEwLTI1VDE1OjQ4OjUyLjAxNjA4NwkA+21wWmnRSZ0=",
        "encoding": "dump"
      }
    },
    {
      "key": "MTExMTExMTExMTEwMTEwMTExMTEwMTAwMTEwMDExMTExMTExMTExMTEwMTExMQ==",
      "pttl": null,
      "type": "string",
      "value": {
        "data": "ABoyMDI1LTEwLTI1VDE1OjQ5OjQzLjAwNDQ2NwkA4OL5AKhIYUI=",
        "encoding": "dump"
      }
    },
    {
      "key": "MTExMTExMTExMTEwMTEwMTExMTExMTAwMTEwMDExMTExMTExMTExMTAxMTExMQ==",
      "pttl": null,
      "type": "string",
      "value": {
        "data": "ABoyMDI1LTEwLTI1VDE1OjUwOjA3LjEyNzcwMAkA/lxnbczD4pk=",
        "encoding": "dump"
      }
    },
    {
      "key": "MTExMTExMTExMTEwMTEwMTExMTExMTAwMTExMTExMDExMTExMTExMTExMTExMA==",
      "pttl": null,
      "type": "string",
      "value": {
        "data": "ABoyMDI1LTEwLTI1VDE1OjQ5OjA3LjIxODk1NwkAJHMPwgJXZ94=",
        "encoding": "dump"
      }
    },
    {
      "key": "MTExMTExMTExMTEwMTExMTAxMDEwMTExMTExMTExMDExMTExMDExMTExMTExMA==",
      "pttl": null,
      "type": "string",
      "value": {
        "data": "ABoyMDI1LTEwLTI1VDE1OjQ5OjAyLjk3NzA2NwkA4aot5c/FGmY=",
        "encoding": "dump"
      }
    },
    {
      "key": "MTExMTExMTExMTEwMTExMTAxMTExMTExMTExMTExMDExMTExMTExMTExMTExMA==",
      "pttl": null,
      "type": "string",
      "value": {
        "data": "ABoyMDI1LTEwLTI1VDE1OjQ4OjM3LjEyNzAxMwkAXH+mee4RKYo=",
        "encoding": "dump"
      }
    },
    {
      "key": "MTExMTExMTExMTEwMTExMTExMDEwMTExMTExMDExMTExMTExMTExMTEwMTEwMQ==",
      "pttl": null,
      "type": "string",
      "value": {
        "data": "ABoyMDI1LTEwLTI1VDE1OjQ5OjQ3LjgzMzQwNgkANke7b2hwLbk=",
        "encoding": "dump"
      }
    },
    {
      "key": "MTExMTExMTExMTEwMTExMTExMDExMTExMTAwMDExMTExMTEwMDExMTExMTExMQ==",
      "pttl": null,
      "type": "string",
      "value": {
        "data": "ABoyMDI1LTEwLTI1VDE1OjQ5OjEyLjk4NTA3MQkAiDL0Kj7uiCc=",
        "encoding": "dump"
      }
    },
    {
      "key": "MTExMTExMTExMTEwMTExMTExMTEwMTExMTEwMDExMDExMTEwMDExMTExMTEwMA==",
      "pttl": null,
      "type": "string",
      "value": {
        "data": "ABoyMDI1LTEwLTI1VDE1OjUwOjE5LjQ0MzIzMAkA03s80B9T4c4=",
        "encoding": "dump"
      }
    },
    {
      "key": "MTExMTExMTExMTEwMTExMTExMTExMTExMTAwMDExMTExMTExMTExMTExMDExMA==",
      "pttl": null,
      "type": "string",
      "value": {
        "data": "ABoyMDI1LTEwLTI1VDE1OjUwOjIyLjYyMjY1NAkA7oiWxbl5U1U=",
        "encoding": "dump"
      }
    },
    {
      "key": "MTExMTExMTExMTEwMTExMTExMTExMTExMTExMTExMDExMTExMTExMTEwMTExMA==",
      "pttl": null,
      "type": "string",
      "value": {
        "data": "ABoyMDI1LTEwLTI1VDE1OjUwOjMyLjQ4ODcwNwkAxCGhuWFGSmI=",
        "encoding": "dump"
      }
    },
    {
      "key": "MTExMTExMTExMTEwMTExMTExMTExMTExMTExMTExMTExMTExMTExMTExMTExMQ==",
      "pttl": null,
      "type": "string",
      "value": {
        "data": "ABoyMDI1LTEwLTI1VDE1OjQ4OjI3Ljc2MTExOAkAeZCigDz1ePc=",
        "encoding": "dump"
      }
    },
    {
      "key": "MTExMTExMTExMTExMTAwMTExMTEwMTAwMTEwMDExMTExMTExMTEwMTEwMTExMA==",
      "pttl": null,
      "type": "string",
      "value": {
        "data": "ABoyMDI1LTEwLTI1VDE1OjQzOjMyLjc0ODYwMQkAz+Ti8+HEeHM=",
        "encoding": "dump"
      }
    },
    {
      "key": "MTExMTExMTExMTExMTAwMTExMTExMTAwMTEwMDExMDExMTExMTExMTExMTEwMA==",
      "pttl": null,
      "type": "string",
      "value": {
        "data": "ABoyMDI1LTEwLTI1VDE1OjQ1OjU0LjQ0ODk5NgkA5sC9y/JQ078=",
        "encoding": "dump"
      }
    },
    {
      "key": "MTExMTExMTExMTExMTAxMTExMTExMTExMTEwMDExMDExMTEwMDExMTExMTExMQ==",
      "pttl": null,
      "type": "string",
      "value": {
        "data": "ABoyMDI1LTEwLTI1VDE1OjQzOjU5LjM1Mjk0MwkAi7JGrJXs45k=",
        "encoding": "dump"
      }
    },
    {
      "key": "MTExMTExMTExMTExMTAxMTExMTExMTExMTExMDExMTExMTEwMDExMTExMDExMA==",
      "pttl": null,
      "type": "string",
      "value": {
        "data": "ABoyMDI1LTEwLTI1VDE1OjQ5OjExLjM4NzA5OQkAY3GuifBCSGY=",
        "encoding": "dump"
      }
    },
    {
      "key": "MTExMTExMTExMTExMTEwMTAxMTExMTAwMTExMTEwMDExMTExMTExMTExMTExMA==",
      "pttl": null,
      "type": "string",
      "value": {
        "data": "ABoyMDI1LTEwLTI1VDE1OjQwOjM4LjMwNzYxNAkAIq1kheneOsk=",
        "encoding": "dump"
      }
    },
    {
      "key": "MTExMTExMTExMTExMTExMTAxMDExMTExMTAwMDExMTEwMDExMTExMTExMDEwMA==",
      "pttl": null,
      "type": "string",
      "value": {
        "data": "ABoyMDI1LTEwLTI1VDE1OjUwOjE5LjQ2MTQ5MQkA9ef/vkfJLFU=",
        "encoding": "dump"
      }
    },
    {
      "key": "MTExMTExMTExMTExMTExMTAxMTExMTExMTExMTEwMDExMTExMTExMTExMTExMA==",
      "pttl": null,
      "type": "string",
      "value": {
        "data": "ABoyMDI1LTEwLTI1VDE1OjI1OjE0LjAzMDU1OQkAK3dW8XbI7vA=",
        "encoding": "dump"
      }
    },
    {
      "key": "MTExMTExMTExMTExMTExMTAxMTExMTExMTExMTExMTExMTExMTExMTEwMTExMA==",
      "pttl": null,
      "type": "string",
      "value": {
        "data": "ABoyMDI1LTEwLTI1VDE1OjQ3OjUzLjY5NjM3MQkA27+uiECOCmw=",
        "encoding": "dump"
      }
    },
    {
      "key": "MTExMTExMTExMTExMTExMTExMDEwMTExMTExMDEwMDExMTExMTExMTExMTEwMA==",
      "pttl": null,
      "type": "string",
      "value": {
        "data": "ABoyMDI1LTEwLTI1VDE1OjM4OjU1Ljc5NTE3OAkAoAWiuO3OfwY=",
        "encoding": "dump"
      }
    },
    {
      "key": "MTExMTExMTExMTExMTExMTExMDExMTExMTAwMDExMTExMTEwMDExMTEwMTExMQ==",
      "pttl": null,
      "type": "string",
      "value": {
        "data": "ABoyMDI1LTEwLTI1VDE1OjQ1OjM1Ljg3MDY1MgkAVFs9w9h5/r0=",
        "encoding": "dump"
      }
    },
    {
      "key": "MTExMTExMTExMTExMTExMTExMDExMTExMTAxMTEwMDEwMDExMTExMTExMTExMQ==",
      "pttl": null,
      "type": "string",
      "value": {
        "data": "ABoyMDI1LTEwLTI1VDE1OjQ2OjAzLjg5NTIxMwkADIniexDK0Ys=",
        "encoding": "dump"
      }
    },
    {
      "key": "MTExMTExMTExMTExMTExMTExMDExMTExMTAxMTExMTExMTExMTExMTEwMDExMA==",
      "pttl": null,
      "type": "string",
      "value": {
        "data": "ABoyMDI1LTEwLTI1VDE1OjUwOjAwLjMyODU4OQkAm+ev3koUmM4=",
        "encoding": "dump"
      }
    },
    {
      "key": "MTExMTExMTExMTExMTExMTExMDExMTExMTExMTExMTEwMDExMTExMTEwMTExMQ==",
      "pttl": null,
      "type": "string",
      "value": {
        "data": "ABoyMDI1LTEwLTI1VDE1OjQzOjMzLjAzODY1OQkAQ5egYtl+fes=",
        "encoding": "dump"
      }
    },
    {
      "key": "MTExMTExMTExMTExMTExMTExMTEwMTExMTExMTExMDExMTExMTExMTExMTExMA==",
      "pttl": null,
      "type": "string",
      "value": {
        "data": "ABoyMDI1LTEwLTI1VDE1OjI0OjU2LjM4MjEyOAkA0O+Lb/sMtgc=",
        "encoding": "dump"
      }
    },
    {
      "key": "MTExMTExMTExMTExMTExMTExMTExMTExMTAwMDExMTExMTExMTExMTExMTExMQ==",
      "pttl": null,
      "type": "string",
      "value": {
        "data": "ABoyMDI1LTEwLTI1VDE1OjQwOjIyLjQ1NzQ2NwkAp5T3fcOI+Is=",
        "encoding": "dump"
      }
    },
    {
      "key": "MTExMTExMTExMTExMTExMTExMTExMTExMTAxMTExMDExMTExMTExMTExMTExMQ==",
      "pttl": null,
      "type": "string",
      "value": {
        "data": "ABoyMDI1LTEwLTI1VDE1OjI0OjUxLjA5NTAxNQkAKM7OVBKtpUA=",
        "encoding": "dump"
      }
    },
    {
      "key": "MTExMTExMTExMTExMTExMTExMTExMTExMTEwMDExMDExMTExMTExMTExMTExMA==",
      "pttl": null,
      "type": "string",
      "value": {
        "data": "ABoyMDI1LTEwLTI1VDE1OjQzOjU2Ljc0ODg2NAkA8BOyG0+srW8=",
        "encoding": "dump"
      }
    },
    {
      "key": "MTExMTExMTExMTExMTExMTExMTExMTExMTEwMDExMDExMTExMTExMTExMTExMQ==",
      "pttl": null,
      "type": "string",
      "value": {
        "data": "ABoyMDI1LTEwLTI1VDE1OjMyOjA5LjgxNjg2MgkAcsutq+AGdwA=",
        "encoding": "dump"
      }
    },
    {
      "key": "MTExMTExMTExMTExMTExMTExMTExMTExMTExMDEwMDExMTExMDExMTExMTEwMA==",
      "pttl": null,
      "type": "string",
      "value": {
        "data": "ABoyMDI1LTEwLTI1VDE1OjQwOjUxLjU1ODA2OQkA7grJ1Jai2XQ=",
        "encoding": "dump"
      }
    },
    {
      "key": "MTExMTExMTExMTExMTExMTExMTExMTExMTExMDExMDExMTExMTExMTExMTExMA==",
      "pttl": null,
      "type": "string",
      "value": {
        "data": "ABoyMDI1LTEwLTI1VDE1OjM2OjE5LjE5Mzc4MQkAMA8ECMRKaSU=",
        "encoding": "dump"
      }
    },
    {
      "key": "MTExMTExMTExMTExMTExMTExMTExMTExMTExMTEwMDExMTExMTExMTEwMTExMQ==",
      "pttl": null,
      "type": "string",
      "value": {
        "data": "ABoyMDI1LTEwLTI1VDE1OjQ5OjQxLjkyMDU2NgkAtcvbY7CHehI=",
        "encoding": "dump"
      }
    },
    {
      "key": "MTExMTExMTExMTExMTExMTExMTExMTExMTExMTExMDExMTExMTExMTEwMTExMA==",
      "pttl": null,
      "type": "string",
      "value": {
        "data": "ABoyMDI1LTEwLTI1VDE1OjUwOjI0Ljk5MDI1MQkAF5Oj4gSSniQ=",
        "encoding": "dump"
      }
    },
    {
      "key": "MTExMTExMTExMTExMTExMTExMTExMTExMTExMTExMDExMTExMTExMTEwMTExMQ==",
      "pttl": null,
      "type": "string",
      "value": {
        "data": "ABoyMDI1LTEwLTI1VDE1OjQ5OjE5LjE0NjE1MgkAkqHSIhTXdhs=",
        "encoding": "dump"
      }
    },
    {
      "key": "MTExMTExMTExMTExMTExMTExMTExMTExMTExMTExMTExMTExMTExMTEwMTEwMQ==",
      "pttl": null,
      "type": "string",
      "value": {
        "data": "ABoyMDI1LTEwLTI1VDE1OjI2OjA2LjI0NDkxOAkAwYdck+yLGnY=",
        "encoding": "dump"
      }
    },
    {
      "key": "MTExMTExMTExMTExMTExMTExMTExMTExMTExMTExMTExMTExMTExMTExMDExMQ==",
      "pttl": null,
      "type": "string",
      "value": {
        "data": "ABoyMDI1LTEwLTI1VDE1OjI0OjI5LjA0MjY1NAkAj2/Md9rZ+CQ=",
        "encoding": "dump"
      }
    },
    {
      "key": "MTExMTExMTExMTExMTExMTExMTExMTExMTExMTExMTExMTExMTExMTExMTEwMA==",
      "pttl": null,
      "type": "string",
      "value": {
        "data": "ABoyMDI1LTEwLTI1VDE1OjM0OjAwLjY5NTEwOQkAB+i0pSnHbeQ=",
        "encoding": "dump"
      }
    },
    {
      "key": "MTExMTExMTExMTExMTExMTExMTExMTExMTExMTExMTExMTExMTExMTExMTExMQ==",
      "pttl": null,
      "type": "string",
      "value": {
        "data": "ABoyMDI1LTEwLTI1VDE1OjIyOjA4LjMwNjE5MwkA+v2ZashpEGY=",
        "encoding": "dump"
      }
    }
  ],
  "metadata": {
    "created_at_utc": "2025-10-25T13:52:25.325203Z",
    "key_count": 260,
    "scan_count": 1000,
    "source": {
      "db": 9,
      "host": "127.0.0.1",
      "port": 6379
    },
    "type_summary": {
      "string": 260
    }
  }
}