reason_type,bitmap_index,max_cost,mean_cost,min_cost,std_cost,n_samples,robustness
anti_reasons,111111001101110111111110011111011011111111111101111001101110011100110011111110001110110011001101110011100110000001100011011000000110110011000011101111011111000001100000011001101110001110000011000110000110011101111101100110110111110011001100111111111111000000110001101101101100001111111100110011000110110011000000000000110000000011000111101110111011001100110001100001100110001111110001100110001100000110110001101101111111110011011110110110110110110111110111001101111111110111011011001111100110110111101101100000110001111011100011000110000110011111111011100111011110011001100011001111101101100111111100110000110111111011000110111111110111110111111100110110111011011111111100110111110111111111111110011111111110011111111111111110110011011011011011011011110111110011000011011111110001100001101100001100001110011011011000001100110110111011011,161.34510675491362,131.81164611064935,124.0633240515821,8.942470453962898,15,0.5390139807002468
anti_reasons,111111001101100110110110011111011011011111111001111001101110011100110110011110001110110011001101110011100110000001100011001110011110110011000001101111111111000001100000011001101110001110001111000110000110011101111101100110110111111011001100111111111110000000110001101101101100111111111100110011000110110011000000000001110000000011000111001110011011001100110001100001100110001111110001110110001100000110110001101101111001110011011110110110110110110110110111001101111111100111011011001111100110110111111111100000110001111001100011000110000110011111111011000111011110011001100011001111101101100110111100110000110111111011111110111111110111110111111100110110111011011111111100110111110111110111111110011111111111011111111111111110111011011011011011011011110110110011000011011110111101110001101110001100001110011011111000011100110110111011011,160.78243649692578,130.2929111281475,121.5016088005238,9.48844583931025,15,0.5406216100087835
anti_reasons,111111001101110111110110011111011011011111111001111101101110011100110111011110001110110011001101110011100110000001100011011100000110110011000001101111111111000001100000011001101110001110000011000110000110011101111101100110111111110011001100110110111110000000110001101101101100001111111111110011000110110011000000000000110000000011000111101110011011111100110001100001100110001111110001100111001100000110110001101101111001100011011110110110110110110110110111001101111111100111011011001111100110110111111111110000110000111001100011000110000110011111111011000111011110011001100011001111101101100110111110111000110111111011000110111111110111110111111100111110111011011111111100110111110111110111111110011111111110011111111111111110111011011011011011011011110111110011000011011110111001100001101100001110001100011011011000001100110110111011011,160.5617118883836,130.56693650406578,121.34633008114224,9.410261882502114,15,0.5412522517474754
anti_reasons,111111001101110110110110011111011011011111111101111001101110011100110110011110001110110011001101110011100110000001100011001110000110110011000001101111111011000001100000011001101110001110000011000110000110011101111101100110110111111111111100110111111110000000110011101101101100001111111110110011000110111011000000000000110000000011000111000110011011001100110001100001100110001111110001110111001100000110110001101101111001100011011110110110110110110110110111101101111111100111011011001111100110110111111111110000110011111001100011000110000110011111111011000111011110011001100011001111101101100111111100110000110111111011000110111111110111110111111100110110111011011111111100110111110111110111111110011111111111011111111111111110111011011011011011011011110110110011000011011110110001110001101110001110001110011011011000001100110110111011011,160.4415408322396,130.28536028402146,120.7903277203973,9.480743250572433,15,0.5415955976221725
anti_reasons,111011001101110111111110011111011011011111111001111001101110011100110111011110001100110011001101110011100110000001100011011100000110110011000001101111111011000001100000111001101110001110000011000110000110011101111101100111110111110011001100111110111110000011110001101101101100001111111110110011000110110011000000000000110000000111000111000110011011111100110011100111100110001111110001100110001100000110110001101101111001110011011110110110110110110110110111001101111111110111011011001111100110110111111101110001110000111001100011011110000110011111111011000111011110011001100011001111101101100110111100111000110111111011000110111111110111110111111100111110111011011111111100110111110111110111111110011111111111011111111111111110110011011011011011011011110110111011000011011111110001100001101110001110001100011011011000001100110110111011011,159.91559437465799,129.0802579764532,119.96884722355621,9.64636603581759,15,0.5430983017866915
anti_reasons,111111001101111110110110011111011011011111111001111001101110011100110110011110001100110011001101110011100110000001100011001100001110110011000001101111011011000001100000011001101110001110000011000110000110011101111101100110110111110011001100110110111110000000110001101111101100001111111100110011000110111011000000000000110000000011000111001110011011001100110011100001100110001111110001110111001110000110110001101101111001100011011110110111110110110111110111001101111111100111011011001111100110110111101111110000110000111001100011000110000110011111111011000111011110011001100011001111101101100111111110110000110111111011111110111111110111110111111110110110111011011111111101110111110111110111111110011111111110011111111111111110111011111011011011011011110110110011000011011110110001110001101110001100001110011011011000001100110110111011011,159.8798621895445,130.4191349061418,122.72234112416709,8.889786298692647,15,0.5432003937441585
anti_reasons,111011001101100110111110011111011011011111111001111101101110011100110110011110001100110011001101110011100110000001100011001100001110110011000001101111111011000001100000011001101110001110000011001110000110011101111101100110111111110011101100110110111111000000110001101101101100001111111100110011000110110011000000000000110000000011000111100110011011111100110011100111100110001111110001110110001110000110110001101101111101110011011110110111110110110110110111001101111111100111011011001111100110110111101101100000110000111001100011000110000110011111111011000111011110011001100011001111101101100110111100111000110111111011011110111111110111110111111100111110111011011111111100110111110111111111111110011111111111011111111111111110110011011011011011011011110111111011000011011110110001100001101100001100001111011011011000001100110110111011011,159.53298603128803,129.53656804910514,121.05006697009695,9.21943331682001,15,0.5441914684820341
anti_reasons,111111001101111110110110011111011011011111111001111101101110011100110111011110001111110011001101110011100110000001100011001100000110110011000011101111111111000001100000111001101110001110000011001110000110011101111101100110110111110011001100111110111110000000110011101101101100001111111100110011000110111011000000000001110000000111000111000110011011001100110011100111100110001111110001110111001100000110110001101101111001100011011110110110110110110111110111101101111111100111011011001111100110110111101101100000110000111001100011011110000110011111111011000111011110011001100011001111101101100110111100110000110111111011000110111111110111110111111110110110111011011111111100110111110111110111111110011111111110011111111111111110110011011011011011011011110110110011000011011111110001100001101111001100001110011011011000001100110110111011011,159.493769332126,129.6866209950604,121.72281993402899,9.043327199732648,15,0.5443035161939258
anti_reasons,111111001101100111111110011111011011011111111001111001101110011100110110011110001100110011001101110011100110000001100011001100000110110011000001101111011111000001100000011001101110001110000011001110000110011101111101100111110111110011001100110110111110000000110001101101101100001111111110110011000110111011000000000001110000000011000111001110011011001100110001100001100110001111110001110111001100000110110001101101111001100011011110110110110110110111110111101101111111100111011011001111100110110111101101100000110000111001100011000110000110011111111011100111011110011001100011101111101101100110111110110000110111111011000110111111110111110111111100110110111011011111111101110111110111111111111110011111111110011111111111111110110011011011011011011011110110110011000011011110111001111101101100001100001100011011111000001100110110111011011,159.4918236426229,129.47157706618364,121.71440105294077,9.150333344112045,15,0.5443090753067916
anti_reasons,111011001101100110111110011111011011011111111001111101101110011100110110011110001100110011001101110011100110000001100011011100001110110011000001101111111011000001100000011001101110011110000011000110000110011101111101100111110111110011001100110110111110000000110001101101101100001111111100110011000110111011000000000000110000000011000111100110011011001100110011100001100110001111110001100111001100000110110001101101111101110011011110110110110110110110110111001101111111100111011011001111100110110111111101100001110001111011100011000110000110011111111011000111011110011001100011001111101101100110111100110000110111111011000110111111110111110111111111110110111011011111111101110111110111111111111110011111111110011111111111111110110011011011011011011011110111110011100011011111111001100001101100001110001100011011111000011100110110111011011,159.42468442952384,129.36907097300337,121.52008487370156,9.216220502969586,15,0.5445009016299319
anti_reasons,111011001101110110111110011111011011011111111101111001101110011100110111011110001100110011001101110011100110000001100011011100000110110011000111101111011011000001100000011001101110001110001111000110000110011101111101100111110111110011101100110110111111000000110001101101101100011111111110110011000110110011000000000001110000000011000111100110011011001100110001100001100110001111110001100111001100000110110001101101111001110011011110110110110110110110110111001101111111100111011011001111100110110111111111100000110001111001100011000110000110011111111011000111011110011001100011101111101101100110111100110000110111111011011110111111110111110111111100110110111011011111111100110111110111110111111110011111111110011111111111111110110011011011011011011011110111111011000011011110111001100001101100001110001100011011011000001100110110111011011,159.39295001346522,128.80836756957942,119.78715900471387,9.624758566263864,15,0.5445915713900993
anti_reasons,111111001101100110110110011111011011011111111001111001101110011100110110011110001100110011001101110011100110000001100011011110000110110011000001101111011011000001100000011001101110001110000011001110000110011101111101100110111111110011001100111110111110000000110011101101101100001111111100110011000110111011000000000111110000000011000111000110111011001100110001100111100110001111110001100110001100000110110001101101111101110011011110110111110110110110110111001101111111100111011011001111100110110111101101100001110000111001100011000110000110011111111011000111011110011001100011001111101101100111111110110000110111111011011110111111110111110111111100110110111011011111111100110111110111111111111110011111111111011111111111111110111011011011011011011011110111110011000011011111110001100001101100001100001110011011011000001100110110111011011,159.2820872860029,129.28563153323884,121.41246909473792,9.149256814725826,15,0.5449083220399917
anti_reasons,111111001101100111111110011111011011011111111101111001101110011100110110011110001100110011001101110011100110000001100011001100000110110011000001101111011011000001100000011001101110001110000011000110000110011101111101100110110111110011001100111110111110000000110001101101101100001111111100110011000110110011000000000000110000000011000111100110011011001100110011101111100110001111110001100110001110000110110001101101111001100011011110110110110110110111110111101101111111100111011011001111100110110111111101100001110000111011100011000110000110011111111011000111011110011001100011101111101101100110111100110000110111111011111110111111110111110111111100110110111011011111111100110111110111110111111110011111111110011111111111111110110011111011011011011011110110111011000011011111111001111001101100001100001100011011011000001100110110111011011,159.1367356158671,129.46506805437474,121.60737019939268,9.075348475720439,15,0.545323612526094
anti_reasons,111011001101100110110110011111011011011111111101111001101110011100110111011110001100110011001101110011100110000001100011001100000110110011000001101111011011000001100000111001101110001110000011000110000110011101111101100111111111111011001100110111111110000000110001101111101100001111111110110011000110111011000000000001110000000111000111000110011011001100110011100001100110001111110001100111001100000110110001101101111001100011011110110110110110110111110111001101111111100111011011001111100110110111101111100000110001111001100011001110000110011111111011000111011110011001100011001111101101100110111100110000110111111011000110111111110111110111111100110110111011011111111100110111110111110111111110011111111110011111111111111110110011011011011011011011110111111011000011011110111001110001101100001110001110011011011000001100110110111011011,159.040558661804,128.6119258056051,119.63004975321181,9.420031886984463,15,0.5455984038234172
anti_reasons,111011001101100110111110011111011011011111111001111101101110011100110011110110001110110011001101110011100110000001100011011000000110110011000001101111011111000001100000011001101110011110000011000110000110011101111101100110111111110011101100110111111110000011110011101101101100011111111100110011000110111011000000000011110000000011000111001110011011001100110001100001100110001111110001100110001100000110110001101101111001100011011110110110110110110110110111101101111111100111011011001111100110110111101101100000110000111001100011001110000110011111111111100111011110011001100011001111101101110110111100110000110111111011011110111111110111110111111100111110111011011111111101110111110111110111111110011111111110011111111111111110110011011011011011011011110110110011100011011110110001100001101110001100001100011011011000001100110110111011011,158.97125999400015,128.28733306588074,119.2453870282804,9.455061520895535,15,0.5457964000171425
anti_reasons,111011001101100110111110011111011011011111111001111001101110011100110110011110001100110011001101110011100110000001100011011100000110110011000001101111011111000001100000011001101110001110000011000110000110011101111101100110110111110011101100110110111110000000110011101101101100011111111111110011000110111011000000000001110000000011000111001110011011001100110001100111100110001111110001100111101100000110110001101101111001100011011110110110110110110110110111001101111111100111011011001111100110110111111101100000110000111011100011001110000110011111111011110111011110011001100011001111101101100110111100111000110111111011111110111111110111110111111110110110111011011111111100110111110111111111111110011111111110011111111111111110110011011011011011011011110111110011000011011110111101100001101100001100001100011011011000001100110110111011011,158.96323428684963,129.32702776622912,120.54675078719663,9.129816522233176,15,0.5458193306090011
anti_reasons,111011001101110110110110011111011011011111111101111001101110011100110110011110001110110011001101110011100110000001100011001100001110110011000001101111011111000001100000011001101110001110000011000110000110011101111101100111110111111011101100111111111110000011110001101101101100001111111100110011000110111011000000000011110000000011000111001110011011001100110111100001100110001111110001100110001100000110110001101101111101100011011110110110110110110110110111001101111111100111011011001111100110110111111101100000110000111011100011001110000110011111111011000111011110011001100011001111101101100110111100110000110111111011011110111111110111110111111100110110111011011111111100110111110111110111111110011111111111011111111111111110111011011011011011011011110110111011000011011110110001110001101110001100001100011011111000001100110110111011011,158.95213461331792,128.47537221046886,119.27959741212982,9.551737317218159,15,0.5458510439619488
anti_reasons,111011001101100111110110011111011011011111111101111001101110011100110110011110001110110011001101110011100110000001100011001110000110110011000001101111011011000001100000011001101110001110000011000110000110011101111101100111110111110011101100111110111110000000110001101101101100001111111100110011000110110011000000000000110000000111000111100110111011001100110001100111100110001111110001100111001100000110110011101101111001100011011110110110110110110110110111001101111111100111011011001111100110110111101111100011110000111001100011000110000110011111111011100111011110011001100011001111101101100110111100111000110111111011011110111111110111110111111100110110111011011111111100110111110111111111111110011111111111011111111111111110110011011011011011011011110111110011100011011110110001100001101111001100001100011011011000001100110110111011011,158.94715977615058,128.5566017925141,119.82186852974917,9.417193234876025,15,0.5458652577824269
anti_reasons,111111001101100110111110011111011011011111111001111001101110011100110110011110001100110011001101110011100110000001100011011111000110110011000011101111011011000001100000011001101110011110000011000110000110011101111101100110110111110011001100110111111110000000110001101101101100001111111100110011000110111011000000000000110000000111000111001110111011001100110001100111100110001111110001100111001100000110110001101101111101100011011110110110110110110110110111001101111111110111011011001111100110110111111101100001110000111001100011000110000110011111111011100111011110011001100011001111101101100110111100111000110111111011011110111111110111110111111100110110111011011111111101110111110111110111111110011111111111011111111111111110110011011011011011011011110110111011100011011110111101110001101100001100001100011011011000001100110110111011011,158.8722437735223,128.0215543523616,119.11391809533733,9.587444896593547,15,0.546079303504222
anti_reasons,111011001101100110110110011111011011011111111001111001101110011100110110011110001100110011001101110011100110000001100011001100000110110011000001101111011111000001100000111001101110001110001111001110000110011101111101100110111111111011101100110110111111100011110001101101101100111111111100110011000110111011000000000000110000000111000111000110011011001100110011100111100110001111110001100111101100000110110001101101111111100011011110110110110110110111110111001101111111100111011011001111100110110111101101110001110001111001100011001110000110011111111011000111011110011001100011001111101101100110111100110000110111111011011110111111110111110111111110110110111011011111111100110111110111111111111110011111111110011111111111111110110011011011011011011011110110110011000011011110110001100001101110001100001100011011011000001100110110111011011,158.71095636183597,128.64854389006163,120.02517299822802,9.23565354030704,15,0.5465401246804686
anti_reasons,111011001101110111111110011111011011011111111001111101101110011100110110011110001110110011001101110011100110000001100011001100000110110011000011101111011011000001100000011001101110001110001111001110000110011101111101100110110111110011001100110110111110000000110001101101101100001111111110110011000110111011000000000000110000000111000111001110011011001100110011100001100110001111110001100110001110000110110001101101111101100011011110110110110110110110110111001101111111100111011011001111100110110111101111100000110000111001100011000110000110011111111011000111011110011001100011001111101101100111111110110000110111111011011110111111110111110111111100110110111011011111111100110111110111110111111110011111111111011111111111111110110011011011011011011011110111110011000011011110110001100001101100001110001100011011011000001100110110111011011,158.63958145880665,128.34294908297986,119.71340721158558,9.456586700088891,15,0.5467440529748382
anti_reasons,111011001101111111110110011111011011011111111001111101101110011100110111011110001100110011001101110011100110000001100111001110000110110011000001101111011011000001100000011001101110011110000011001110000110011101111101100110110111110011001100111110111110000011110001101101101100011111111100110011000110111011000000000000110000000111000111000110011011001100110001100111100110001111110001100111001100000110110011101101111001100011011110110110110110110111110111001101111111100111011011001111100110110111101101100001110000111001100011000110000110011111111011000111011110011001100011001111101101100110111110111000110111111011000110111111110111110111111100110110111011011111111100110111110111110111111110011111111110011111111111111110110011011011011011011011110111110011000011011110110001110001101110001110001100011011011000001100110110111011011,158.56418751450255,128.0649565702007,119.86954312063955,9.365497265097563,15,0.5469594642442784
anti_reasons,111011001101100110110110011111011011011111111001111001101110011100110110011110001110110011001101110011100110000001100011001111001110110011000001101111011011000001100000111001101110011110000011000110000110011101111101100110110111111011001100110110111111000011110001101101101100001111111100110011000110110011000000000000110000000011000111001110011011001100110011100001100110001111110001110111001100000110110001101101111111110011011110110110110110110111110111001101111111110111011011001111100110110111101101100000110000111001100011000110000110011111111011000111111110011001100011101111101101100110111100111100110111111011000110111111110111110111111100111110111011011111111100110111110111110111111110011111111110011111111111111110110011011011011011011011110110111011100011011110110001100001101100001100001100011011011000011100110110111011011,158.5577783915882,127.84725507409038,119.4012132781002,9.533347531502708,15,0.5469777760240337
anti_reasons,111011001101100110110110011111011011011111111101111001101110011100110110011110001110110011001101110011100110000001100011001110001110110011000111101111111111000001100000011001101110011110000011000110000110011101111101100110110111110011001100111111111111000000110001101101101100001111111100110011000110110011000000000000110000000011000111001110011011111100110011100001100110001111110001100111101100000110110011101101111001100011011110110110110110110110110111101101111111110111011011001111100110110111101101100000110000111001100011000110000110011111111011000111011110011001100011001111101101100110111100111000110111111011000110111111110111110111111100110110111011011111111100110111110111110111111110011111111111011111111111111110110011011011011011011011110110110011000011011110110001100001101100001100001111011011011000001100110110111011011,158.1763565794146,127.35152540552225,118.35158584337468,9.48174600089911,15,0.548067552630244
anti_reasons,111011001101110110110110001111011011011111111001111001101110011100110110110110001100110011001101110011100110000001100011001110011110110011000011101111011111000001100000011001101110001110000011001110000110011101111101100111110111110011001100111110111110000000110011101101101100001111111110110011000110110011000000000000110000000011000111001110011011001100110001100001100110001111110001110110001100000110110001101101111001100011011110110110110110110110110111001101111111100111011011001111100110110111101101110000110000111001100011000110000110011111111011000111011110011001100011001111101101100110111100110000110111111011011110111111110111110111111100011110111011011111111101100111110111111111111110011111111111011111111111111110111011011011011011011011110111111011000011011110110001111001101100001100001100011011011000001100110110111011011,157.44269908969085,127.23696002846211,118.05306320290693,9.31570421802144,15,0.5501637168865976
anti_reasons,110011001101110111111110001111011011011111111101111001101110011100110110111110001100110011001101110011100110000001100011001100000110110011000001101111011111000001100000111001101110001110000011001110000110011101111101100110110111111011001100110110111110000000110001101101101100011111111110110011000110110011000000000001110000000011000111000110011011001100110011100001100110001111110001100110001111000110110001101101111001100011011110110111110110110110110111001101111111100111011011001111100110110111101111100001110000111001100011001110000110011111111011000111011110011001100011101111101101100110111100111000110111111011011110111111110111110111111110011110111011011111111101100111110111110111111110011111111110011111111111111110110011011011011011011111110110110011100011011110110001100001101100001100001110011011011000001100110110111011011,156.96514521352017,127.47103621304728,118.10504648885106,9.350809956956853,15,0.5515281565327995
anti_reasons,110011001101100110111110001111011011011111111001111001101110011100110111110110001100110011001101110011100110000001100011001100000110110011000111101111011011000001100000011001101110011110000011000110000110011101111101100111110111111011001100110111111111000011110001101101101100001111111111110011000110110011000000000011110000000011000111000110011011001100110001100001100110001111110001100110001110000110110001101101111101100011011110110110110110110110110111001101111111110111011011001111100110110111101101110000110000111011100011000110000110011111111011000111011110011001100011101111101101100110111110110000110111111011000110111111110111110111111100011110111011011111111101100111110111110111111110011111111110011111111111111110111011011011011011011011110110110011100011011110110001110001101100001110001100011011011000001100110110111011011,156.96253616709473,126.467582644106,116.65173772065785,9.655780851633025,15,0.551535610951158
anti_reasons,110011001101100110110110001111011011011111111001111001101110011100110110110110001110110011001101110011100110000001100011001100000110110011000011101111111011000001100000111001101110001110000011001110000110011101111101100111111111110011101100110111111110000000110011101111101100001111111100110011000110111011000000000001110000000011000111000110011011001100110011100111100110001111110001100110001100000110110001101101111001100011011110110110110110110111110111101101111111110111011011001111100110110111101101100000110000111001100011001110000110011111111011000111011110011001100011001111101101100110111100110000110111111011000110111111110111110111111110011110111011011111111101100111110111110111111110011111111110011111111111111110110011011011011011011011110111110011000011011111110001100001101111101100001100011011011000001100110110111011011,156.92779622147057,127.41035345570405,118.4579437719755,9.15645262362373,15,0.5516348679386556
anti_reasons,110011001101110110111110001111011011011111111001111001101110011100110110110110001110110011001101110011100110000001100011001100000110110011000001101111011111000001100000011001101110001110000011001110000110011101111101100110111111110011111100110111111110000011110011101101101100001111111100110011000110110011000000000001110000000011000111001110011011001100110111100001100110001111110001100110001111000110110001101101111001100011011110110111110110110110110111001101111111100111011011001111100110110111111101100000110000111011100011000110000110011111111011110111011110011001100011001111101101100110111110110000110111111011000110111111110111110111111111011110111011011111111101100111110111110111111110011111111110011111111111111110110011011011011011011011110110111011000011011111110001110001101100001100001100011011011000001100110110111011011,156.89482662986984,127.73426460894622,118.17309818057058,9.328372567012932,15,0.5517290667718004
anti_reasons,110011001101100110110110001111011011011111111001111001101110011100110110110110001100110011001101110011100110000001100011011110001110110011000001101111011011000001100000011001101110011110001111000110000110011101111101100110110111110011101100110110111110000000110001101101101100001111111110110011000110110011000000000000110000000011000111100110011011001100110011100001100110001111110001100111101100000110110001101101111101100011011110110111110110110110110111001101111111100111011011001111100110110111101101100001110000111001100011000110000110011111111011100111011110011001100011001111101101100110111100110000110111111011000110111111110111110111111110011110111011011111111101100111110111110111111110011111111111011111111111111110111011011011011011011011110111110011100011011110110001100001101100001100001111011011011000111100110110111011011,156.55800482037768,126.37148222295103,117.37799005629306,9.450536020433933,15,0.5526914147989209
anti_reasons,110011001101100110110110001111011011011111111001111001101110011100110110110110001100110011001101110011100110000001100011001110001110110011000011101111111111000001100000011001101110001110000011000110000110011101111101100110110111110011001100111110111110000011110001101101101100001111111110110011000110111011000000000001110000000011000111000110011011001111110001100001100110001111110001100111001100000110110011101101111001100011011110110110110110110110110111101101111111100111011011001111100110110111101101100001110000111011100011000110000110011111111011000111011110011001100011101111101101100110111110110000110111111011011110111111110111110111111100011110111011011111111101100111110111110111111110011111111111011111111111111110110011011011011011011111110110110011000011011111110001100001101100001100001100011011111000011100110110111011011,156.47671227639213,125.99276088797852,116.89508818982493,9.471006056076478,15,0.5529236792103082
anti_reasons,111011001101110111110110001111011011011111111001111001101110011100110110110110001100110011001101110011100110000001100011001100000110110011000001101111111111000001100000011001101110011110001111000110000110011101111101100110111111110011001100110111111110000000110001101101101100011111111110110011000110110011000000000000110000000011000111000110111011001100110111100001100110001111110001100111001110000110110011101101111101100011011110110110110110110110110111001101111111100111011011001111100110110111101101100000110000111001100011000110000110011111111011100111011110011001100011001111101101100110111100110000110111111011000110111111110111110111111100011110111011011111111101100111110111111111111110011111111110011111111111111110110011011011011011011011110110111011100011011111110001110001101100001100001100011011011000001100110110111011011,155.97976220137986,126.21070090308814,117.07030224467438,9.253652998245613,15,0.5543435365674861
anti_reasons,111011001101100110110110011111011011011111111001111001101110011100110110110110001100110011001101110011100110000001100011001100000110110011000001101111011011000001100000011001101110001110000011000110000110011101111101100110110111110001101100110110111110000000110001101101101100001111111100110011000110110011000000000000110000000011000111000110011011001100110001100001100110001111110001100110001100000110110001101101111001100011011110110110110110110110110111001101111111100111011011001111100110110111101101100000110000111001100011000110000110011111111011000111011110011001100011001111101101100110111100110000110111111011000110111111110111110111111100110110111011011111111100110111110111110111111110011111111110011111111111111110110011011011011011011011110110110011000011011110110001100001101100001100001100011011011000001100110110111011011,154.4853853009546,123.73636878611293,114.50595895967257,9.594998435188648,15,0.5586131848544155
anti_reasons,111011001101100110110110011111011011011111111001111001101110011100110110110110001100110011001101110011100110000001100011001100000110110011000001101111011011000001100000011001101110001110000011000110000110011101111101100110110111110011001100110110111110000000110001101101101100001111110110110011000110110011000000000000110000000011000111000110011011001100110001100001100110001111110001100110001100000110110001101101111001100011011110110110110110110110110111001101111111100111011011001111100110110111101101100000110000111001100011000110000110011111111011000111011110011001100011001111101101100110111100110000110111111011000110111111110111110111111100110110111011011111111100110111110111110111011110011111111110011111111111111110110011011011011011011011110110110011000011011110011001100001101100001100001100011011011000001100110110111011011,153.34493682408964,122.66519911405466,113.76517935138186,9.478449340481747,15,0.5618716090740297
anti_reasons,001101100110011011110001101101101101101101101101111011000110110011001100111001110110110011000111100000011111000000011011000110000110110011000011101111011011000001100000110001101110011110001110001110001100011101111001100110110110011111100011110110011011011000000110001101101100001110110011001100110111001100000001110000000001100000110111011101100011011000110011100011001100011011110011000110001100011101101100001111111110110011011110110111110110110110011001111100111101110111011011001111101110111110110111100001100000110001100111000110001100111111110110001100110110011001100011000111101101100011011110000110011011111110110001101101101111111110110011011111111011110011011111001101111100110111111110011111011011011101111111101111100011110111110011011011011011001100110011011110110011000011001100001100001100011001101100011100110110111011110,143.02636057605787,115.0460881814591,108.88322820583271,8.470923258310506,15,0.5913532554969776
anti_reasons,001100110110011011110001101101101101101101101101101111001100110011001100111001110110110011000111100000011111000000011011000110000110110011000011101111011011000000110000110001101110011110001110001110001100011101111001100110110110011111100110110011011110011000000110001101101100110000110011001100110111001100000001110000000001100001100111011101100011001100110011100011001100011011110011000110001100011101101100001111111110110011011110110111110110110110011111011100111101110111110011001111101110111110110111100001100000011011000111000110001100111111110110001100110110011001100011001101101101100011011110000110011011111110110001101101101111111110110011011111111011110011011111001101111100110111111110011111011011011101111111101111100011110111110011011011011011001100110011011110110001100011000110000110001100011001101100011100110110111011110,141.48549062757314,113.79878061994607,107.70832453811431,8.472799181120054,15,0.5957557410640768
